10224213|C1W027ABE|Abe|"Abe | C1W027ABE | Klocki hamulcowe, zestaw, szt"|https://www.iparts.pl/czesc/klocki-hamulcowe-komplet-abe-c1w027abe,0-4426-c1w027abe-0.html#100598|0
18993906|6112393|Alkar|"Alkar | 6112393 | Lusterko zewnętrzne wsteczne, szt"|https://www.iparts.pl/czesc/lusterko-zewnetrzne-alkar-6112393,0-362-6112393-819594.html#100566|144,00
1126374|10-ECO037|Ashika|"Ashika | 10-ECO037 | Filtr oleju, szt"|https://www.iparts.pl/czesc/filtr-oleju-ashika-10eco037,0-257-10eco037-39405.html|13,00
12254305|20-07-715|Ashika|"Ashika | 20-07-715 | Filtr powietrza, szt"|https://www.iparts.pl/czesc/filtr-powietrza-ashika-2007715,0-257-2007715-39840.html|13,00
12835362|GOM-608|Ashika|"Ashika | GOM-608 | Tuleja stabilizatora  przedniego, szt"|https://www.iparts.pl/czesc/tuleja-stabilizatora-ashika-gom608,0-257-gom608-81539.html#100596|13,00
63479837|GOM-K135|Ashika|"Ashika | GOM-K135 | Łożysko, szt"|https://www.iparts.pl/czesc/mocowanie-amortyzatora-ashika-gomk135,0-257-gomk135-1993271.html|114,00
22493045|13.0460-5819.2|Ate|"Ate | 13.0460-5819.2 | Klocki hamulcowe, zestaw, szt"|https://www.iparts.pl/czesc/klocki-hamulcowe-komplet-ate-13046058192,0-3-13046058192-46415.html#100598|118,00
14190147|D4196|Autofren|"Autofren | D4196 | Zestaw naprawczy suportu hamulcowego, szt"|https://www.iparts.pl/czesc/zestaw-naprawczy-zacisku-hamulca-autofren-seinsa-d4196,0-351-d4196-221055.html|17,00
14229419|D4612|Autofren|"Autofren | D4612 | Zestaw naprawczy suportu hamulcowego, szt"|https://www.iparts.pl/czesc/zestaw-naprawczy-zacisku-hamulca-autofren-seinsa-d4612,0-351-d4612-221423.html|29,00
10647148|6502-07-6814911P|Blic|"Blic | 6502-07-6814911P | Kratka przedniego zderzaka, szt"|https://www.iparts.pl/czesc/kratka-wentylacyjna-zderzaka-blic-6502076814911p,0-4555-6502076814911p-2919847.html#100187|24,00
10816989|6102-02-1292513P|Blic|"Blic | 6102-02-1292513P | Szyba lusterka zewnętrznego, szt"|https://www.iparts.pl/czesc/szklo-lusterka-zewnetrznego-blic-6102021292513p,0-4555-6102021292513p-2915713.html#100566|59,00
268717|6103-01-1311226P|Blic|"Blic | 6103-01-1311226P | Osłona lusterka bocznego, szt"|https://www.iparts.pl/czesc/obudowa-lusterka-zewnetrznego-blic-6103011311226p,0-4555-6103011311226p-2916402.html#100566|43,00
8978213|258-038|Bosal|"Bosal | 258-038 | Nakrętka mocująca części układu wydechowego, szt"|https://www.iparts.pl/czesc/nakretka-kolektor-wydechowy-bosal-258-038-bosal-258038,0-41-258038-48280.html|4,00
8979046|258-830|Bosal|"Bosal | 258-830 | Śruba, szt"|https://www.iparts.pl/czesc/sruba-system-wydechowy-bosal-258-830-bosal-258830,0-41-258830-1085577.html|1,00
10705482|0 242 240 506|Bosch|"Bosch | 0 242 240 506 | Świeca zapłonowa Bosch Standard Super WSR6F, szt"|https://www.iparts.pl/czesc/swieca-zaplonowa-bosch-0-242-240-506-bosch-0242240506,0-30-0242240506-240544.html|12,00
10752186|1 987 301 406|Bosch|"Bosch | 1 987 301 406 | Żarówka halogenowa Bosch Pure Light H7 12V 55W (2 szt.), szt"|https://www.iparts.pl/czesc/zarowka-bosch-1-987-301-406-bosch-1987301406,0-30-1987301406-1465542.html|41,00
10768542|0 241 135 515|Bosch|"Bosch | 0 241 135 515 | Świeca zapłonowa Bosch Standard Super Y7LER02, szt"|https://www.iparts.pl/czesc/swieca-zaplonowa-bosch-0241135515,0-30-0241135515-987323.html|21,00
11105665|0 986 494 538|Bosch|"Bosch | 0 986 494 538 | Klocki hamulcowe tarczowe, komplet, szt"|https://www.iparts.pl/czesc/klocki-hamulcowe-komplet-bosch-0986494538,0-30-0986494538-1466221.html#100598|206,00
11524113|F 026 407 095|Bosch|"Bosch | F 026 407 095 | Filtr oleju, szt"|https://www.iparts.pl/czesc/filtr-oleju-bosch-f026407095,0-30-f026407095-700417.html|65,00
1293483|0 986 479 088|Bosch|"Bosch | 0 986 479 088 | Tarcza  hamulcowa, szt"|https://www.iparts.pl/czesc/tarcza-hamulcowa-bosch-0986479088,0-30-0986479088-221872.html#100579|142,00
1353772|1 457 429 248|Bosch|"Bosch | 1 457 429 248 | Filtr oleju, szt"|https://www.iparts.pl/czesc/filtr-oleju-bosch-1457429248,0-30-1457429248-3122.html|33,00
1353813|1 457 429 252|Bosch|"Bosch | 1 457 429 252 | Filtr oleju, szt"|https://www.iparts.pl/czesc/filtr-oleju-bosch-1457429252,0-30-1457429252-3125.html|41,00
1353822|1 457 429 256|Bosch|"Bosch | 1 457 429 256 | Filtr oleju, szt"|https://www.iparts.pl/czesc/filtr-oleju-bosch-1457429256,0-30-1457429256-228161.html|23,00
1353994|1 457 429 278|Bosch|"Bosch | 1 457 429 278 | Filtr oleju, szt"|https://www.iparts.pl/czesc/filtr-oleju-bosch-1457429278,0-30-1457429278-3133.html|23,00
1354094|1 457 429 619|Bosch|"Bosch | 1 457 429 619 | Filtr oleju, szt"|https://www.iparts.pl/czesc/filtr-oleju-bosch-1457429619,0-30-1457429619-3138.html|19,00
184870|2 430 102 398|Bosch|"Bosch | 2 430 102 398 | Podkładka(pierścień uszczelniający), szt"|https://www.iparts.pl/czesc/podkladka-bosch-2-430-102-398-bosch-2430102398,0-30-2430102398-266377.html|7,00
1923829|0 986 452 028|Bosch|"Bosch | 0 986 452 028 | Filtr oleju, szt"|https://www.iparts.pl/czesc/filtr-oleju-bosch-0986452028,0-30-0986452028-227933.html|17,00
1923879|0 986 452 041|Bosch|"Bosch | 0 986 452 041 | Filtr oleju, szt"|https://www.iparts.pl/czesc/filtr-oleju-bosch-0986452041,0-30-0986452041-2903.html|18,00
1923905|0 986 452 044|Bosch|"Bosch | 0 986 452 044 | Filtr oleju, szt"|https://www.iparts.pl/czesc/filtr-oleju-bosch-0986452044,0-30-0986452044-227939.html|21,00
1984086|0 450 906 508|Bosch|"Bosch | 0 450 906 508 | Filtr paliwa, szt"|https://www.iparts.pl/czesc/filtr-paliwa-bosch-0450906508,0-30-0450906508-472913.html|77,00
1984413|0 451 103 111|Bosch|"Bosch | 0 451 103 111 | Filtr oleju, szt"|https://www.iparts.pl/czesc/filtr-oleju-bosch-0451103111,0-30-0451103111-2653.html|17,00
1984707|0 451 103 252|Bosch|"Bosch | 0 451 103 252 | Filtr oleju, szt"|https://www.iparts.pl/czesc/filtr-oleju-bosch-0451103252,0-30-0451103252-2660.html|29,00
1984798|0 451 103 300|Bosch|"Bosch | 0 451 103 300 | Filtr oleju, szt"|https://www.iparts.pl/czesc/filtr-oleju-bosch-0451103300,0-30-0451103300-227738.html|20,00
1984877|0 451 103 313|Bosch|"Bosch | 0 451 103 313 | Filtr oleju, szt"|https://www.iparts.pl/czesc/filtr-oleju-bosch-0451103313,0-30-0451103313-2669.html|39,00
2019662|0 451 103 370|Bosch|"Bosch | 0 451 103 370 | Filtr oleju, szt"|https://www.iparts.pl/czesc/filtr-oleju-bosch-0451103370,0-30-0451103370-227778.html|16,00
23619972|0 986 494 005|Bosch|"Bosch | 0 986 494 005 | Klocki hamulcowe tarczowe, komplet, szt"|https://www.iparts.pl/czesc/klocki-hamulcowe-komplet-bosch-0986494005,0-30-0986494005-225811.html#100598|112,00
23620029|0 986 494 011|Bosch|"Bosch | 0 986 494 011 | Klocki hamulcowe tarczowe, komplet, szt"|https://www.iparts.pl/czesc/klocki-hamulcowe-komplet-bosch-0986494011,0-30-0986494011-225814.html#100598|79,00
23620073|0 986 494 015|Bosch|"Bosch | 0 986 494 015 | Klocki hamulcowe tarczowe, komplet, szt"|https://www.iparts.pl/czesc/klocki-hamulcowe-komplet-bosch-0986494015,0-30-0986494015-225815.html#100598|119,00
23620155|0 986 494 023|Bosch|"Bosch | 0 986 494 023 | Klocki hamulcowe tarczowe, komplet, szt"|https://www.iparts.pl/czesc/klocki-hamulcowe-komplet-bosch-0986494023,0-30-0986494023-471936.html#100598|110,00
23620212|0 986 494 030|Bosch|"Bosch | 0 986 494 030 | Klocki hamulcowe tarczowe, komplet, szt"|https://www.iparts.pl/czesc/klocki-hamulcowe-komplet-bosch-0986494030,0-30-0986494030-225823.html#100598|101,00
23620277|0 986 494 036|Bosch|"Bosch | 0 986 494 036 | Klocki hamulcowe tarczowe, komplet, szt"|https://www.iparts.pl/czesc/klocki-hamulcowe-komplet-bosch-0986494036,0-30-0986494036-338110.html#100598|213,00
23620308|0 986 494 039|Bosch|"Bosch | 0 986 494 039 | Klocki hamulcowe tarczowe, komplet, szt"|https://www.iparts.pl/czesc/klocki-hamulcowe-komplet-bosch-0986494039,0-30-0986494039-225828.html#100598|84,00
23620343|0 986 494 043|Bosch|"Bosch | 0 986 494 043 | Klocki hamulcowe tarczowe, komplet, szt"|https://www.iparts.pl/czesc/klocki-hamulcowe-komplet-bosch-0986494043,0-30-0986494043-472957.html#100598|118,00
23620363|0 986 494 046|Bosch|"Bosch | 0 986 494 046 | Klocki hamulcowe tarczowe, komplet, szt"|https://www.iparts.pl/czesc/klocki-hamulcowe-komplet-bosch-0986494046,0-30-0986494046-225833.html#100598|106,00
23620719|0 986 494 090|Bosch|"Bosch | 0 986 494 090 | Klocki hamulcowe tarczowe, komplet, szt"|https://www.iparts.pl/czesc/klocki-hamulcowe-komplet-bosch-0986494090,0-30-0986494090-225859.html#100598|97,00
23620839|0 986 494 104|Bosch|"Bosch | 0 986 494 104 | Klocki hamulcowe tarczowe, komplet, szt"|https://www.iparts.pl/czesc/klocki-hamulcowe-komplet-bosch-0986494104,0-30-0986494104-87243.html#100598|205,00
23620921|0 986 494 115|Bosch|"Bosch | 0 986 494 115 | Klocki hamulcowe tarczowe, komplet, szt"|https://www.iparts.pl/czesc/klocki-hamulcowe-komplet-bosch-0986494115,0-30-0986494115-225872.html#100598|107,00
23641001|0 986 494 187|Bosch|"Bosch | 0 986 494 187 | Klocki hamulcowe tarczowe, komplet, szt"|https://www.iparts.pl/czesc/klocki-hamulcowe-komplet-bosch-0986494187,0-30-0986494187-472967.html#100598|183,00
23643766|0 986 494 422|Bosch|"Bosch | 0 986 494 422 | Klocki hamulcowe tarczowe, komplet, szt"|https://www.iparts.pl/czesc/klocki-hamulcowe-komplet-bosch-0986494422,0-30-0986494422-873866.html#100598|157,00
23667316|0 986 494 432|Bosch|"Bosch | 0 986 494 432 | Klocki hamulcowe tarczowe, komplet, szt"|https://www.iparts.pl/czesc/klocki-hamulcowe-komplet-bosch-0986494432,0-30-0986494432-883154.html#100598|173,00
23668292|0 986 494 528|Bosch|"Bosch | 0 986 494 528 | Klocki hamulcowe tarczowe, komplet, szt"|https://www.iparts.pl/czesc/klocki-hamulcowe-komplet-bosch-0986494528,0-30-0986494528-990785.html#100598|109,00
23942199|1 457 429 118|Bosch|"Bosch | 1 457 429 118 | Filtr oleju, szt"|https://www.iparts.pl/czesc/filtr-oleju-bosch-1457429118,0-30-1457429118-3108.html|34,00
23942335|1 457 429 185|Bosch|"Bosch | 1 457 429 185 | Filtr oleju, szt"|https://www.iparts.pl/czesc/filtr-oleju-bosch-1457429185,0-30-1457429185-3119.html|36,00
23942362|1 457 429 193|Bosch|"Bosch | 1 457 429 193 | Filtr oleju, szt"|https://www.iparts.pl/czesc/filtr-oleju-bosch-1457429193,0-30-1457429193-228147.html|25,00
23942368|1 457 429 194|Bosch|"Bosch | 1 457 429 194 | Filtr oleju, szt"|https://www.iparts.pl/czesc/filtr-oleju-bosch-1457429194,0-30-1457429194-82416.html|26,00
23942398|1 457 429 199|Bosch|"Bosch | 1 457 429 199 | Filtr oleju, szt"|https://www.iparts.pl/czesc/filtr-oleju-bosch-1457429199,0-30-1457429199-3121.html|28,00
23964364|1 457 429 239|Bosch|"Bosch | 1 457 429 239 | Filtr oleju, szt"|https://www.iparts.pl/czesc/filtr-oleju-bosch-1457429239,0-30-1457429239-228157.html|26,00
23991559|1 987 302 236|Bosch|"Bosch | 1 987 302 236 | Żarowe BAX 12V 2W, szt"|https://www.iparts.pl/czesc/zarowka-bosch-1-987-302-236-bosch-1987302236,0-30-1987302236-261529.html|8,00
23991622|1 987 302 243|Bosch|"Bosch | 1 987 302 243 | Żarowe BAX 12V 1,12W, szt"|https://www.iparts.pl/czesc/zarowka-bosch-1-987-302-243-bosch-1987302243,0-30-1987302243-261535.html|8,00
23995118|1 457 437 003|Bosch|"Bosch | 1 457 437 003 | Filtr oleju, szt"|https://www.iparts.pl/czesc/filtr-oleju-bosch-1457437003,0-30-1457437003-873341.html|29,00
24071214|3 397 004 558|Bosch|"Bosch | 3 397 004 558 | Rama pióra wycieraczki tył bosch tył 380 mm (15""), szt"|https://www.iparts.pl/czesc/pioro-wycieraczki-bosch-3397004558,0-30-3397004558-268486.html|36,00
24071454|3 397 004 595|Bosch|"Bosch | 3 397 004 595 | Rama pióra wycieraczki tył bosch tył 280 mm (11""), szt"|https://www.iparts.pl/czesc/pioro-wycieraczki-bosch-3397004595,0-30-3397004595-268488.html|36,00
24071717|3 397 004 672|Bosch|"Bosch | 3 397 004 672 | Rama piór wycieraczek bosch eco 550 mm (22""), szt"|https://www.iparts.pl/czesc/pioro-wycieraczki-bosch-3397004672,0-30-3397004672-3959.html|21,00
24071730|3 397 004 673|Bosch|"Bosch | 3 397 004 673 | Rama piór wycieraczek bosch eco 600 mm (24""), szt"|https://www.iparts.pl/czesc/pioro-wycieraczki-bosch-3397004673,0-30-3397004673-3960.html|23,00
24093178|3 397 004 990|Bosch|"Bosch | 3 397 004 990 | Rama pióra wycieraczki tył bosch tył 310 mm (12""), szt"|https://www.iparts.pl/czesc/pioro-wycieraczki-bosch-3397004990,0-30-3397004990-471832.html|29,00
24094712|3 397 006 946|Bosch|"Bosch | 3 397 006 946 | Pióro wycieraczki bezramowe bosch aerotwin plus 480 mm (19""), szt"|https://www.iparts.pl/czesc/pioro-wycieraczki-bosch-3397006946,0-30-3397006946-1133773.html|48,00
24095007|3 397 007 072|Bosch|"Bosch | 3 397 007 072 | Zestaw bezramowych wycieraczek Bosch Aerotwin 600/475, szt"|https://www.iparts.pl/czesc/pioro-wycieraczki-bosch-3397007072,0-30-3397007072-268520.html|110,00
24095203|3 397 007 120|Bosch|"Bosch | 3 397 007 120 | Zestaw bezramowych wycieraczek Bosch Aerotwin 750/650, szt"|https://www.iparts.pl/czesc/pioro-wycieraczki-bosch-3397007120,0-30-3397007120-268531.html|126,00
24095285|3 397 007 215|Bosch|"Bosch | 3 397 007 215 | Zestaw bezramowych wycieraczek Bosch Aerotwin 650/600, szt"|https://www.iparts.pl/czesc/pioro-wycieraczki-bosch-3397007215,0-30-3397007215-473080.html|131,00
24095466|3 397 007 297|Bosch|"Bosch | 3 397 007 297 | Zestaw bezramowych wycieraczek Bosch Aerotwin 600/500, szt"|https://www.iparts.pl/czesc/pioro-wycieraczki-bosch-3397007297,0-30-3397007297-162307.html|111,00
24121437|3 397 007 462|Bosch|"Bosch | 3 397 007 462 | Zestaw szczotek do wycieraczek Bosch Aerotwin Multi-Clip 600/475, szt"|https://www.iparts.pl/czesc/pioro-wycieraczki-bosch-3397007462,0-30-3397007462-481732.html|96,00
24121451|3 397 007 467|Bosch|"Bosch | 3 397 007 467 | Zestaw szczotek do wycieraczek Bosch Aerotwin Multi-Clip 650/475, szt"|https://www.iparts.pl/czesc/pioro-wycieraczki-bosch-3397007467,0-30-3397007467-701441.html|118,00
24121688|3 397 007 586|Bosch|"Bosch | 3 397 007 586 | Zestaw bezramowych wycieraczek Bosch Aerotwin 680/515, szt"|https://www.iparts.pl/czesc/pioro-wycieraczki-bosch-3397007586,0-30-3397007586-700647.html|126,00
24121797|3 397 007 696|Bosch|"Bosch | 3 397 007 696 | Zestaw bezramowych wycieraczek Bosch Aerotwin 550/450, szt"|https://www.iparts.pl/czesc/pioro-wycieraczki-bosch-3397007696,0-30-3397007696-883403.html|100,00
24121975|3 397 008 004|Bosch|"Bosch | 3 397 008 004 | Pióro wycieraczki bezramowe tylne bosch aerotwin rear 330 mm (13""), szt"|https://www.iparts.pl/czesc/pioro-wycieraczki-bosch-3397008004,0-30-3397008004-268541.html|60,00
24121989|3 397 008 006|Bosch|"Bosch | 3 397 008 006 | Pióro wycieraczki bezramowe tylne bosch aerotwin rear 330 mm (13""), szt"|https://www.iparts.pl/czesc/pioro-wycieraczki-bosch-3397008006,0-30-3397008006-268542.html|41,00
24122582|3 397 008 536|Bosch|"Bosch | 3 397 008 536 | Bezramowe pióro wycieraczki bosch aerotwin 530 mm (21""), szt"|https://www.iparts.pl/czesc/pioro-wycieraczki-bosch-3397008536,0-30-3397008536-82515.html|48,00
24122588|3 397 008 537|Bosch|"Bosch | 3 397 008 537 | Bezramowe pióro wycieraczki bosch aerotwin 550 mm (22""), szt"|https://www.iparts.pl/czesc/pioro-wycieraczki-bosch-3397008537,0-30-3397008537-82516.html|50,00
24123305|3 397 008 939|Bosch|"Bosch | 3 397 008 939 | Bezramowe pióro wycieraczki bosch aerotwin 650 mm (26""), szt"|https://www.iparts.pl/czesc/pioro-wycieraczki-bosch-3-397-008-939-bosch-3397008939,0-30-3397008939-1141979.html|66,00
24123386|3 397 009 051|Bosch|"Bosch | 3 397 009 051 | Zestaw bezramowych wycieraczek Bosch Aerotwin 530/530, szt"|https://www.iparts.pl/czesc/pioro-wycieraczki-bosch-3397009051,0-30-3397009051-268546.html|92,00
24142993|3 397 010 249|Bosch|"Bosch | 3 397 010 249 | Zestaw piór wycieraczek 500/450, szt"|https://www.iparts.pl/czesc/pioro-wycieraczki-bosch-3-397-010-249-bosch-3397010249,0-30-3397010249-700712.html|46,00
24144037|3 397 011 402|Bosch|"Bosch | 3 397 011 402 | Rama piór wycieraczek bosch eco 650 mm (26""), szt"|https://www.iparts.pl/czesc/pioro-wycieraczki-bosch-3397011402,0-30-3397011402-473098.html|32,00
24144535|3 397 011 668|Bosch|"Bosch | 3 397 011 668 | Rama pióra wycieraczki tył bosch tył 350 mm (14""), szt"|https://www.iparts.pl/czesc/pioro-wycieraczki-bosch-3397011668,0-30-3397011668-991722.html|24,00
24159367|3 397 013 049|Bosch|"Bosch | 3 397 013 049 | Pióro wycieraczki bezramowe tylne bosch aerotwin 330 mm (13""), szt"|https://www.iparts.pl/czesc/pioro-wycieraczki-bosch-3397013049,0-30-3397013049-1345647.html|55,00
24160994|3 397 118 908|Bosch|"Bosch | 3 397 118 908 | Zestaw bezramowych wycieraczek Bosch Aerotwin 600/450, szt"|https://www.iparts.pl/czesc/pioro-wycieraczki-bosch-3397118908,0-30-3397118908-268718.html|101,00
24161159|3 397 118 936|Bosch|"Bosch | 3 397 118 936 | Zestaw bezramowych wycieraczek Bosch Aerotwin 600/475, szt"|https://www.iparts.pl/czesc/pioro-wycieraczki-bosch-3397118936,0-30-3397118936-4021.html|94,00
24161175|3 397 118 938|Bosch|"Bosch | 3 397 118 938 | Zestaw bezramowych wycieraczek Bosch Aerotwin 600/600, szt"|https://www.iparts.pl/czesc/pioro-wycieraczki-bosch-3397118938,0-30-3397118938-268727.html|108,00
24161244|3 397 118 951|Bosch|"Bosch | 3 397 118 951 | Zestaw bezramowych wycieraczek Bosch Aerotwin 650/475, szt"|https://www.iparts.pl/czesc/pioro-wycieraczki-bosch-3397118951,0-30-3397118951-268730.html|115,00
24161361|3 397 118 966|Bosch|"Bosch | 3 397 118 966 | Zestaw bezramowych wycieraczek Bosch Aerotwin 600/530, szt"|https://www.iparts.pl/czesc/pioro-wycieraczki-bosch-3397118966,0-30-3397118966-268736.html|119,00
24161457|3 397 118 984|Bosch|"Bosch | 3 397 118 984 | Zestaw bezramowych wycieraczek Bosch Aerotwin 550/400, szt"|https://www.iparts.pl/czesc/pioro-wycieraczki-bosch-3397118984,0-30-3397118984-4031.html|91,00
254336|F 026 407 024|Bosch|"Bosch | F 026 407 024 | Filtr oleju, szt"|https://www.iparts.pl/czesc/filtr-oleju-bosch-f026407024,0-30-f026407024-883680.html|45,00
27001100|0 092 S40 020|Bosch|"Bosch | 0 092 S40 020 | Akumulator Bosch S4 002 12V 52AH 470A(EN) R+, szt"|https://www.iparts.pl/czesc/akumulator-bosch-0092s40020,0-30-0092s40020-2124.html|263,00
27001707|0 092 T30 770|Bosch|"Bosch | 0 092 T30 770 | Akumulator Bosch T3 077 12V 155AH 900A(EN) L+, szt"|https://www.iparts.pl/czesc/akumulator-bosch-0092t30770,0-30-0092t30770-1345484.html|755,00
27029357|0 986 424 457|Bosch|"Bosch | 0 986 424 457 | Klocki hamulcowe tarczowe, komplet, szt"|https://www.iparts.pl/czesc/klocki-hamulcowe-komplet-bosch-0986424457,0-30-0986424457-62076.html#100598|116,00
27029487|0 986 424 484|Bosch|"Bosch | 0 986 424 484 | Klocki hamulcowe tarczowe, komplet, szt"|https://www.iparts.pl/czesc/klocki-hamulcowe-komplet-bosch-0986424484,0-30-0986424484-61966.html#100598|107,00
27051336|0 986 424 767|Bosch|"Bosch | 0 986 424 767 | Klocki hamulcowe tarczowe, komplet, szt"|https://www.iparts.pl/czesc/klocki-hamulcowe-komplet-bosch-0986424767,0-30-0986424767-61962.html#100598|156,00
27051487|0 986 424 797|Bosch|"Bosch | 0 986 424 797 | Klocki hamulcowe tarczowe, komplet, szt"|https://www.iparts.pl/czesc/klocki-hamulcowe-komplet-bosch-0986424797,0-30-0986424797-2895.html#100598|155,00
27051490|0 986 424 798|Bosch|"Bosch | 0 986 424 798 | Klocki hamulcowe tarczowe, komplet, szt"|https://www.iparts.pl/czesc/klocki-hamulcowe-komplet-bosch-0986424798,0-30-0986424798-146908.html#100598|117,00
27051580|0 986 424 817|Bosch|"Bosch | 0 986 424 817 | Klocki hamulcowe tarczowe, komplet, szt"|https://www.iparts.pl/czesc/klocki-hamulcowe-komplet-bosch-0986424817,0-30-0986424817-87112.html#100598|109,00
27080275|0 242 232 514|Bosch|"Bosch | 0 242 232 514 | Świeca zapłonowa Bosch Super 4 HR78NX, szt"|https://www.iparts.pl/czesc/swieca-zaplonowa-bosch-0242232514-bosch-0242232514,1-30-0242232514-240416.html|36,00
27088316|0 451 103 259|Bosch|"Bosch | 0 451 103 259 | Filtr oleju, szt"|https://www.iparts.pl/czesc/filtr-oleju-bosch-0451103259,0-30-0451103259-2661.html|21,00
27088327|0 451 103 261|Bosch|"Bosch | 0 451 103 261 | Filtr oleju, szt"|https://www.iparts.pl/czesc/filtr-oleju-bosch-0451103261,0-30-0451103261-2663.html|21,00
27088401|0 451 103 290|Bosch|"Bosch | 0 451 103 290 | Filtr oleju, szt"|https://www.iparts.pl/czesc/filtr-oleju-bosch-0451103290,0-30-0451103290-158937.html|33,00
27088630|0 451 203 012|Bosch|"Bosch | 0 451 203 012 | Filtr oleju, szt"|https://www.iparts.pl/czesc/filtr-oleju-bosch-0451203012,0-30-0451203012-2683.html|23,00
27088642|0 451 203 087|Bosch|"Bosch | 0 451 203 087 | Filtr oleju, szt"|https://www.iparts.pl/czesc/filtr-oleju-bosch-0451203087,0-30-0451203087-2684.html|32,00
27093140|0 250 202 142|Bosch|"Bosch | 0 250 202 142 | Świeca żarowa, szt"|https://www.iparts.pl/czesc/swieca-zarowa-bosch-0250202142,0-30-0250202142-472884.html|35,00
27096591|0 986 460 968|Bosch|"Bosch | 0 986 460 968 | Klocki hamulcowe tarczowe, komplet, szt"|https://www.iparts.pl/czesc/klocki-hamulcowe-komplet-bosch-0986460968,0-30-0986460968-223189.html#100598|56,00
27096739|0 986 461 119|Bosch|"Bosch | 0 986 461 119 | Klocki hamulcowe tarczowe, komplet, szt"|https://www.iparts.pl/czesc/klocki-hamulcowe-komplet-bosch-0986461119,0-30-0986461119-62021.html#100598|65,00
27112825|0 986 424 379|Bosch|"Bosch | 0 986 424 379 | Klocki hamulcowe tarczowe, komplet, szt"|https://www.iparts.pl/czesc/klocki-hamulcowe-komplet-bosch-0986424379,0-30-0986424379-222954.html#100598|66,00
27343220|0 986 494 595|Bosch|"Bosch | 0 986 494 595 | Klocki hamulcowe tarczowe, komplet, szt"|https://www.iparts.pl/czesc/klocki-hamulcowe-komplet-bosch-0986494595,0-30-0986494595-1460253.html#100598|131,00
27343575|0 986 494 643|Bosch|"Bosch | 0 986 494 643 | Klocki hamulcowe tarczowe, komplet, szt"|https://www.iparts.pl/czesc/klocki-hamulcowe-komplet-bosch-0986494643,0-30-0986494643-1466057.html#100598|167,00
27348121|0 986 494 607|Bosch|"Bosch | 0 986 494 607 | Klocki hamulcowe tarczowe, komplet, szt"|https://www.iparts.pl/czesc/klocki-hamulcowe-komplet-bosch-0986494607,0-30-0986494607-1460265.html#100598|148,00
27351185|0 986 494 597|Bosch|"Bosch | 0 986 494 597 | Klocki hamulcowe tarczowe, komplet, szt"|https://www.iparts.pl/czesc/klocki-hamulcowe-komplet-bosch-0986494597,0-30-0986494597-1460255.html#100598|80,00
27356018|0 986 494 668|Bosch|"Bosch | 0 986 494 668 | Klocki hamulcowe tarczowe, komplet, szt"|https://www.iparts.pl/czesc/klocki-hamulcowe-komplet-bosch-0986494668,0-30-0986494668-1460311.html#100598|129,00
27361390|0 986 494 600|Bosch|"Bosch | 0 986 494 600 | Klocki hamulcowe tarczowe, komplet, szt"|https://www.iparts.pl/czesc/klocki-hamulcowe-komplet-bosch-0986494600,0-30-0986494600-1460258.html#100598|110,00
27362292|0 986 494 660|Bosch|"Bosch | 0 986 494 660 | Klocki hamulcowe tarczowe, komplet, szt"|https://www.iparts.pl/czesc/klocki-hamulcowe-komplet-bosch-0986494660,0-30-0986494660-1345064.html#100598|169,00
6510929|F 026 407 002|Bosch|"Bosch | F 026 407 002 | Filtr oleju, szt"|https://www.iparts.pl/czesc/filtr-oleju-bosch-f026407002,0-30-f026407002-229447.html|39,00
6511156|F 026 407 072|Bosch|"Bosch | F 026 407 072 | Filtr oleju, szt"|https://www.iparts.pl/czesc/filtr-oleju-bosch-f026407072,0-30-f026407072-700400.html|50,00
6511320|F 026 407 092|Bosch|"Bosch | F 026 407 092 | Filtr oleju, szt"|https://www.iparts.pl/czesc/filtr-oleju-bosch-f026407092,0-30-f026407092-992531.html|19,00
7237335|F 006 B20 099|Bosch|"Bosch | F 006 B20 099 | Silnik elektryczny, szt"|https://www.iparts.pl/czesc/silnik-elektryczny-bosch-f-006-b20-099-bosch-f006b20099,0-30-f006b20099-987395.html|407,00
9630714|1 457 437 002|Bosch|"Bosch | 1 457 437 002 | Filtr oleju, szt"|https://www.iparts.pl/czesc/filtr-oleju-bosch-1457437002,0-30-1457437002-873340.html|24,00
61603690|1574|BOSMA|"BOSMA | 1574 | Żarówka P21/5W 12V 21/5W, szt"|item not found|0
61603703|1949|BOSMA|"BOSMA | 1949 | Żarówka W5W 12V 5W, szt"|item not found|0
27835996|24922 00 704 00|Breck|"Breck | 24922 00 704 00 | Klocki hamulcowe, zestaw, szt"|https://www.iparts.pl/czesc/klocki-hamulcowe-komplet-breck-249220070400,0-281-249220070400-1585146.html#100598|170,00
27954672|24660 00 701 00|Breck|"Breck | 24660 00 701 00 | Klocki hamulcowe, zestaw, szt"|https://www.iparts.pl/czesc/klocki-hamulcowe-komplet-breck-246600070100,0-281-246600070100-1148499.html#100598|149,00
15797540|P 06 041|Brembo|"Brembo | P 06 041 | Klocki hamulcowe, zestaw, szt"|https://www.iparts.pl/czesc/klocki-hamulcowe-komplet-brembo-p06041,0-65-p06041-605836.html#100598|218,00
15973371|P 68 047|Brembo|"Brembo | P 68 047 | Klocki hamulcowe, zestaw, szt"|https://www.iparts.pl/czesc/klocki-hamulcowe-komplet-brembo-p68047,0-65-p68047-881290.html#100598|117,00
41353315|15667C|Castrol|"Castrol | 15667C | Olej silnikowy Castrol EDGE LL Titanium FST 5W-30, 1 l, szt"|item not found|0
19522857|CB852|Centra|"Centra | CB852 | Akumulator Centra Plus 12V 85AH 760A(EN) R+, szt"|https://www.iparts.pl/czesc/akumulator-centra-cb852,0-376-cb852-1014141.html|407,00
19522886|CB954|Centra|"Centra | CB954 | Akumulator Centra Plus 12V 95AH 720A(EN) R+, szt"|https://www.iparts.pl/czesc/akumulator-centra-cb954,0-376-cb954-1052332.html|471,00
22200916|CHA019|Comline|"Comline | CHA019 | Piasta koła z tylnym łożyskiem, szt"|https://www.iparts.pl/czesc/lozysko-kola-comline-cha019,0-421-cha019-475798.html#100578|108,00
12283138|3PK715|Contitech|"Contitech | 3PK715 | Pasek klinowy wielorowkowy 3PK715, szt"|https://www.iparts.pl/czesc/pasek-klinowy-wielorowkowy-continental-ctam-3pk715,0-31-3pk715-5294.html|22,00
12343455|6PK1400|Contitech|"Contitech | 6PK1400 | Pasek klinowy wielorowkowy 6PK1400, szt"|https://www.iparts.pl/czesc/pasek-klinowy-wielorowkowy-continental-ctam-6pk1400,0-31-6pk1400-5498.html|55,00
12343559|6PK1468|Contitech|"Contitech | 6PK1468 | Pasek klinowy wielorowkowy 6PK1468, szt"|https://www.iparts.pl/czesc/pasek-klinowy-wielorowkowy-continental-ctam-6pk1468,0-31-6pk1468-82604.html|53,00
12343632|6PK1520|Contitech|"Contitech | 6PK1520 | Pasek klinowy wielorowkowy 6PK1520, szt"|https://www.iparts.pl/czesc/pasek-klinowy-wielorowkowy-continental-ctam-6pk1520,0-31-6pk1520-5506.html|68,00
12343654|6PK1538|Contitech|"Contitech | 6PK1538 | Pasek klinowy wielorowkowy 6PK1538, szt"|https://www.iparts.pl/czesc/pasek-klinowy-wielorowkowy-continental-ctam-6pk1538,0-31-6pk1538-5508.html|59,00
12343689|6PK1560|Contitech|"Contitech | 6PK1560 | Pasek klinowy wielorowkowy 6PK1560, szt"|https://www.iparts.pl/czesc/pasek-klinowy-wielorowkowy-continental-ctam-6pk1560,0-31-6pk1560-5511.html|51,00
12343697|6PK1564|Contitech|"Contitech | 6PK1564 | Pasek klinowy wielorowkowy 6PK1564, szt"|https://www.iparts.pl/czesc/pasek-klinowy-wielorowkowy-continental-ctam-6pk1564,0-31-6pk1564-580198.html|59,00
12343739|6PK1600|Contitech|"Contitech | 6PK1600 | Pasek klinowy wielorowkowy 6PK1600, szt"|https://www.iparts.pl/czesc/pasek-klinowy-wielorowkowy-continental-ctam-6pk1600,0-31-6pk1600-5514.html|60,00
12344223|6PK1885|Contitech|"Contitech | 6PK1885 | Pasek klinowy wielorowkowy 6PK1885, szt"|https://www.iparts.pl/czesc/pasek-klinowy-wielorowkowy-continental-ctam-6pk1885,0-31-6pk1885-5548.html|50,00
12380002|5PK940|Contitech|"Contitech | 5PK940 | Pasek klinowy wielorowkowy 5PK940, szt"|https://www.iparts.pl/czesc/pasek-klinowy-wielorowkowy-continental-ctam-5pk940,0-31-5pk940-5438.html|29,00
12380415|6PK1060|Contitech|"Contitech | 6PK1060 | Pasek klinowy wielorowkowy 6PK1060, szt"|https://www.iparts.pl/czesc/pasek-klinowy-wielorowkowy-continental-ctam-6pk1060,0-31-6pk1060-5463.html|52,00
12380442|6PK1080|Contitech|"Contitech | 6PK1080 | Pasek klinowy wielorowkowy 6PK1080, szt"|https://www.iparts.pl/czesc/pasek-klinowy-wielorowkowy-continental-ctam-6pk1080,0-31-6pk1080-5466.html|48,00
12380834|AVX10X666|Contitech|"Contitech | AVX10X666 | Pasek klinowy 10X666, szt"|https://www.iparts.pl/czesc/pasek-klinowy-continental-ctam-avx10x666,0-31-avx10x666-580493.html|17,00
12398875|6PK2155|Contitech|"Contitech | 6PK2155 | Pasek klinowy wielorowkowy 6PK2155, szt"|https://www.iparts.pl/czesc/pasek-klinowy-wielorowkowy-continental-ctam-6pk2155,0-31-6pk2155-5580.html|67,00
12399096|6PK2264|Contitech|"Contitech | 6PK2264 | Pasek klinowy wielorowkowy 6PK2264, szt"|https://www.iparts.pl/czesc/pasek-klinowy-wielorowkowy-continental-ctam-6pk2264,0-31-6pk2264-253519.html|74,00
12399115|6PK2271|Contitech|"Contitech | 6PK2271 | Pasek klinowy wielorowkowy 6PK2271, szt"|https://www.iparts.pl/czesc/pasek-klinowy-wielorowkowy-continental-ctam-6pk2271,0-31-6pk2271-5593.html|82,00
12460218|5PK1110|Contitech|"Contitech | 5PK1110 | Pasek klinowy wielorowkowy 5PK1110, szt"|https://www.iparts.pl/czesc/pasek-klinowy-wielorowkowy-continental-ctam-5pk1110,0-31-5pk1110-82594.html|40,00
12460375|5PK1219|Contitech|"Contitech | 5PK1219 | Pasek klinowy wielorowkowy 5PK1219, szt"|https://www.iparts.pl/czesc/pasek-klinowy-wielorowkowy-continental-ctam-5pk1219,0-31-5pk1219-5384.html|44,00
16401395|4PK1237|Contitech|"Contitech | 4PK1237 | Pasek klinowy wielorowkowy 4PK1237, szt"|https://www.iparts.pl/czesc/pasek-klinowy-wielorowkowy-continental-ctam-4pk1237,0-31-4pk1237-5315.html|40,00
17469478|4PK845|Contitech|"Contitech | 4PK845 | Pasek klinowy wielorowkowy 4PK845, szt"|https://www.iparts.pl/czesc/pasek-klinowy-wielorowkowy-continental-ctam-4pk845,0-31-4pk845-580061.html|31,00
17469664|4PK917 ELAST|Contitech|"Contitech | 4PK917 ELAST | Pasek klinowy wielorowkowy 4PK917, szt"|https://www.iparts.pl/czesc/pasek-klinowy-wielorowkowy-continental-ctam-4pk917elast,0-31-4pk917elast-580073.html|38,00
19507254|6779009000|Contitech|"Contitech | 6779009000 | Linijka do pomiaru długości pasa, szt"|https://www.iparts.pl/czesc/listwa-pomiarowa-conti-continental-ctam-6779009000,1-31-6779009000-1143406.html|198,00
6816881|6PK780|Contitech|"Contitech | 6PK780 | Pasek klinowy wielorowkowy 6PK780, szt"|https://www.iparts.pl/czesc/pasek-klinowy-wielorowkowy-continental-ctam-6pk780,0-31-6pk780-5613.html|36,00
6900225|CT1035|Contitech|"Contitech | CT1035 | Pasek rozrządu, szt"|https://www.iparts.pl/czesc/pasek-rozrzadu-continental-ctam-ct1035,0-31-ct1035-82622.html#100598|99,00
6900540|CT1044|Contitech|"Contitech | CT1044 | Pasek rozrządu, szt"|https://www.iparts.pl/czesc/pasek-rozrzadu-continental-ctam-ct1044,0-31-ct1044-5869.html#100598|116,00
6974257|CT1099|Contitech|"Contitech | CT1099 | Pasek rozrządu, szt"|https://www.iparts.pl/czesc/pasek-rozrzadu-continental-ctam-ct1099,0-31-ct1099-580752.html#100598|96,00
6974681|CT1115|Contitech|"Contitech | CT1115 | Pasek rozrządu, szt"|https://www.iparts.pl/czesc/pasek-rozrzadu-continental-ctam-ct1115,0-31-ct1115-5906.html#100598|64,00
7054759|CT846|Contitech|"Contitech | CT846 | Pasek rozrządu, szt"|https://www.iparts.pl/czesc/pasek-rozrzadu-continental-ctam-ct846,0-31-ct846-6059.html#100598|46,00
771649|5PK1355|Contitech|"Contitech | 5PK1355 | Pasek klinowy wielorowkowy 5PK1355, szt"|https://www.iparts.pl/czesc/pasek-klinowy-wielorowkowy-continental-ctam-5pk1355,0-31-5pk1355-580098.html|46,00
6228248|14.875.206|CS Germany|"CS Germany | 14.875.206 | Sprężyna zawieszenia przód, szt"|https://www.iparts.pl/czesc/sprezyna-zawieszenia-cs-germany-14875206,0-467-14875206-1313773.html#100113|100,00
6228391|14.875.220|CS Germany|"CS Germany | 14.875.220 | Sprężyna zawieszenia przód, szt"|item not found|0
6229140|14.877.008|CS Germany|"CS Germany | 14.877.008 | Sprężyna zawieszenia przód, szt"|item not found|0
6230418|14.950.673|CS Germany|"CS Germany | 14.950.673 | Sprężyna zawieszenia tylna, szt"|https://www.iparts.pl/czesc/sprezyna-zawieszenia-cs-germany-14950673,0-467-14950673-1314143.html#100113|150,00
6230461|14.950.678|CS Germany|"CS Germany | 14.950.678 | Sprężyna zawieszenia przód, szt"|https://www.iparts.pl/czesc/sprezyna-zawieszenia-cs-germany-14950678,0-467-14950678-1314147.html#100113|90,00
6230503|14.950.681|CS Germany|"CS Germany | 14.950.681 | Sprężyna zawieszenia przód, szt"|item not found|0
6739943|14.504.062|CS Germany|"CS Germany | 14.504.062 | Sprężyna zawieszenia przód, szt"|https://www.iparts.pl/czesc/sprezyna-zawieszenia-cs-germany-14504062,0-467-14504062-1314754.html#100113|98,00
6741264|14.774.272|CS Germany|"CS Germany | 14.774.272 | Sprężyna zawieszenia tylna, szt"|https://www.iparts.pl/czesc/sprezyna-zawieszenia-cs-germany-14774272,0-467-14774272-1314320.html#100113|84,00
6741279|14.774.275|CS Germany|"CS Germany | 14.774.275 | Sprężyna zawieszenia tylna, szt"|item not found|0
63250259|300|CX80|"CX80 | 300 | RC43 KLEJ ANAEROBOWY 10ML BLISTER Klej średniowytrzymałe zabezpieczenie do gwintów, szt"|item not found|0
23525412|A210664|Denckermann|"Denckermann | A210664 | Filtr oleju, szt"|https://www.iparts.pl/czesc/filtr-oleju-denckermann-a210664,0-186-a210664-1151683.html|18,00
23595944|M110442|Denckermann|"Denckermann | M110442 | Filtr kabinowy z węglem aktywowanym, szt"|https://www.iparts.pl/czesc/filtr-kabinowy-denckermann-m110442,0-186-m110442-1152430.html|29,00
23624577|M110675K|Denckermann|"Denckermann | M110675K | Filtr kabinowy z węglem aktywnym, szt"|https://www.iparts.pl/czesc/filtr-kabinowy-denckermann-m110675k,0-186-m110675k-1151500.html|64,00
28731539|D120452|Denckermann|"Denckermann | D120452 | Dźwignia tylna górna poprzeczna, szt"|https://www.iparts.pl/czesc/wahacz-zawieszenia-kola-denckermann-d120452,0-186-d120452-1220656.html|90,00
15874811|DF-017|Denso|"Denso | DF-017 | Bezramowy zestaw wycieraczek Denso Flat 600/400, szt"|https://www.iparts.pl/czesc/pioro-wycieraczki-denso-df017,0-66-df017-576572.html|97,00
25776295|4701|Denso|"Denso | 4701 | Świeca zapłonowa Denso Iridium TT IK16TT, szt"|item not found|0
25776309|4702|Denso|"Denso | 4702 | Świeca zapłonowa Denso Iridium TT IK20TT, szt"|item not found|0
33488433|4602|Denso|"Denso | 4602 | Świeca zapłonowa Denso Nickel TT W20TT, szt"|item not found|0
3938028|5384|Denso|"Denso | 5384 | Świeca zapłonowa Denso Iridium Power IUF24, szt"|item not found|0
5742460|DCF461P|Denso|"Denso | DCF461P | Filtr kabinowy, szt"|https://www.iparts.pl/czesc/filtr-kabinowy-denso-dcf461p,0-66-dcf461p-1460466.html|13,00
61614232|3482|Denso|"Denso | 3482 | Świeca zapłonowa Denso Standard K16HR-U11, szt"|item not found|0
61614249|4605|Denso|"Denso | 4605 | Świeca zapłonowa Denso Nickel TT KH16TT, szt"|item not found|0
1857101|223-1130L-LD-EM|Depo|"Depo | 223-1130L-LD-EM | Reflektor główny lewy, szt"|item not found|0
4625177|223-1130R-LD-EM|Depo|"Depo | 223-1130R-LD-EM | Reflektor główny prawy, szt"|item not found|0
6682785|440-1939L-UE|Depo|"Depo | 440-1939L-UE | Lampa tylna lewa, szt"|item not found|0
22441618|217555|Elf|"Elf | 217555 | Olej silnikowy Elf Evolution 900 SXR 5W-40, 1 l (194849), szt"|item not found|0
22441708|213894|Elf|"Elf | 213894 | Olej silnikowy Elf Evolution 900 SXR 5W-30, 5 l (194839), szt"|item not found|0
12597625|364.500|Elring|"Elring | 364.500 | Dławnice zaworów, komplet, szt"|https://www.iparts.pl/czesc/zestaw-uszczelniaczy-trzonka-zaworu-elring-364500,0-10-364500-1346125.html#100228|111,00
23544936|EB456|Exide|"Exide | EB456 | Akumulator Exide Excell 12V 45AH 330A(EN) R+, szt"|https://www.iparts.pl/czesc/akumulator-exide-eb456,0-24-eb456-2763462.html|267,00
54546530|9880801-10|Fa1|"Fa1 | 9880801-10 | Nakrętka mocująca przednią rurę tłumika, szt"|item not found|0
41492309|FT18044|Fast|"Fast | FT18044 | Odbój amortyzatora zawieszenia, szt"|https://www.iparts.pl/czesc/komplet-oslon-i-odbojow-fast-ft18044,1-4938-ft18044-1966671.html#100372|13,00
14107366|HSB-REF|Febest|"Febest | HSB-REF | Tuleja stabilizatora  przedniego, szt"|https://www.iparts.pl/czesc/guma-drazka-stabilizatora-febest-hsbref,0-4674-hsbref-2061498.html#100596|10,00
14482794|0211-WD21|Febest|"Febest | 0211-WD21 | Przegub  homokinetyczny, szt"|https://www.iparts.pl/czesc/przegub-napedowy-febest-0211wd21,0-4674-0211wd21-2060319.html|317,00
46959269|ND-J10|Febest|"Febest | ND-J10 | Tłumik drgań gumowy, szt"|https://www.iparts.pl/czesc/bufor-ogranicznik-maski-febest-ndj10,0-4674-ndj10-2070420.html|10,00
57751904|TT-TRAFII|Febest|"Febest | TT-TRAFII | Uszczelka chłodnicy oleju, szt"|https://www.iparts.pl/czesc/uszczelnienie-kolnierz-przewodu-cieczy-chlodzacej-febest-tttrafii,0-4674-tttrafii-2072364.html#100840|18,00
6868020|0529-001|Febest|"Febest | 0529-001 | Śruba mimośrodowa, szt"|https://www.iparts.pl/czesc/sruba-do-regulacji-pochylenia-kola-febest-0529001,0-4674-0529001-2062057.html#100372|27,00
16528238|1089|Febi|"Febi | 01089 | Koncentrat środka G11 ANTIFREEZE, niebieski, 1,5 l, szt"|item not found|0
16585937|22050|Febi|"Febi | 22050 | Bolt, szt"|https://www.iparts.pl/czesc/sruba-napinacza-wspornika-alternatora-febi-bilstein-22050,0-101-22050-10711.html#100352|16,00
16704120|22806|Febi|"Febi | 22806 | Olej przekładniowy Febi ATF III, 1 l, szt"|https://www.iparts.pl/czesc/olej-do-automatycznej-skrzyni-biegow-febi-bilstein-22806,0-101-22806-10845.html#201992|44,00
16767124|23155|Febi|"Febi | 23155 | Filtr paliwa, szt"|https://www.iparts.pl/czesc/filtr-paliwa-febi-bilstein-23155,0-101-23155-403649.html|28,00
16802695|26274|Febi|"Febi | 26274 | Pompa spryskiwacza reflektorów, szt"|https://www.iparts.pl/czesc/pompka-plynu-spryskiwacza-przednich-reflektorow-febi-bilstein-26274,0-101-26274-58048.html#100342|73,00
17034196|21718|Febi|"Febi | 21718 | Pasek rozrządu, szt"|https://www.iparts.pl/czesc/pasek-rozrzadu-febi-bilstein-21718,0-101-21718-402761.html|119,00
17073015|24366|Febi|"Febi | 24366 | Łożysko przedniej piasty koła, komplet, szt"|https://www.iparts.pl/czesc/lozysko-kola-febi-bilstein-24366,0-101-24366-404513.html#100578|72,00
18139760|13447|Febi|"Febi | 13447 | Świeca zapłonowa, szt"|https://www.iparts.pl/czesc/swieca-zaplonowa-febi-bilstein-13447,0-101-13447-657760.html|10,00
18301731|28282|Febi|"Febi | 28282 | Tuleja stabilizatora  przedniego, szt"|https://www.iparts.pl/czesc/guma-drazka-stabilizatora-febi-bilstein-28282,0-101-28282-83375.html#100596|16,00
54598531|2886|Febi|"Febi | 02886 | Część samochodowa, szt"|item not found|0
9407610|46421522|Fiat/Alfa/Lancia|"Fiat/Alfa/Lancia | 46421522 | Holder, rozrusznik, szt"|item not found|0
10783280|OP526/6|Filtron|"Filtron | OP526/6 | Filtr oleju, szt"|https://www.iparts.pl/czesc/filtr-oleju-filtron-op5266,0-256-op5266-146226.html|28,00
10783417|OP537/1|Filtron|"Filtron | OP537/1 | Filtr oleju, szt"|https://www.iparts.pl/czesc/filtr-oleju-filtron-op5371,0-256-op5371-146238.html|18,00
10783500|OP543|Filtron|"Filtron | OP543 | Filtr oleju, szt"|https://www.iparts.pl/czesc/filtr-oleju-filtron-op543,0-256-op543-146247.html|20,00
10783693|OP 556|Filtron|"Filtron | OP 556 | Filtr oleju, szt"|https://www.iparts.pl/czesc/filtr-oleju-filtron-op556,0-256-op556-146262.html|18,00
10783706|OP557|Filtron|"Filtron | OP557 | Filtr oleju, szt"|https://www.iparts.pl/czesc/filtr-oleju-filtron-op557,0-256-op557-146263.html|16,00
10783883|OP 570|Filtron|"Filtron | OP 570 | Filtr oleju, szt"|https://www.iparts.pl/czesc/filtr-oleju-filtron-op570,0-256-op570-146284.html|10,00
10784381|OP592/9|Filtron|"Filtron | OP592/9 | Filtr oleju, szt"|https://www.iparts.pl/czesc/filtr-oleju-filtron-op5929,0-256-op5929-710605.html|27,00
10784430|OP594/1|Filtron|"Filtron | OP594/1 | Filtr oleju, szt"|https://www.iparts.pl/czesc/filtr-oleju-filtron-op5941,0-256-op5941-146331.html|39,00
10784780|OP630|Filtron|"Filtron | OP630 | Filtr oleju, szt"|https://www.iparts.pl/czesc/filtr-oleju-filtron-op630,0-256-op630-146365.html|14,00
10785057|OP 642/2|Filtron|"Filtron | OP 642/2 | Filtr oleju, szt"|https://www.iparts.pl/czesc/filtr-oleju-filtron-op6422,0-256-op6422-146386.html|15,00
10785104|OP 643/3|Filtron|"Filtron | OP 643/3 | Filtr oleju, szt"|https://www.iparts.pl/czesc/filtr-oleju-filtron-op6433,0-256-op6433-146389.html|13,00
10785117|OP 643/4|Filtron|"Filtron | OP 643/4 | Filtr oleju, szt"|https://www.iparts.pl/czesc/filtr-oleju-filtron-op6434,0-256-op6434-146390.html|16,00
10785791|PE982|Filtron|"Filtron | PE982 | Filtr paliwa, szt"|https://www.iparts.pl/czesc/filtr-paliwa-filtron-pe982,0-256-pe982-146424.html|32,00
10829547|PM815/4|Filtron|"Filtron | PM815/4 | Filtr paliwa, szt"|https://www.iparts.pl/czesc/filtr-paliwa-filtron-pm8154,0-256-pm8154-146445.html|21,00
10829573|PM816/1|Filtron|"Filtron | PM816/1 | Filtr paliwa, szt"|https://www.iparts.pl/czesc/filtr-paliwa-filtron-pm8161,0-256-pm8161-146449.html|19,00
10829664|PM936|Filtron|"Filtron | PM936 | Filtr paliwa, szt"|https://www.iparts.pl/czesc/filtr-paliwa-filtron-pm936,0-256-pm936-146461.html|21,00
10830253|PP838/4|Filtron|"Filtron | PP838/4 | Filtr paliwa, szt"|https://www.iparts.pl/czesc/filtr-paliwa-filtron-pp8384,0-256-pp8384-146501.html|61,00
10830302|PP839/1|Filtron|"Filtron | PP839/1 | Filtr paliwa, szt"|https://www.iparts.pl/czesc/filtr-paliwa-filtron-pp8391,0-256-pp8391-146504.html|45,00
10830657|PP848/2|Filtron|"Filtron | PP848/2 | Фильтр топливный, szt"|https://www.iparts.pl/czesc/filtr-paliwa-filtron-pp8482,0-256-pp8482-146527.html|76,00
10881721|PS 822/2|Filtron|"Filtron | PS 822/2 | Filtr paliwa, szt"|https://www.iparts.pl/czesc/filtr-paliwa-filtron-ps8222,0-256-ps8222-146694.html|5,00
11702733|AP 022/2|Filtron|"Filtron | AP 022/2 | Filtr powietrza, szt"|https://www.iparts.pl/czesc/filtr-powietrza-filtron-ap0222,0-256-ap0222-145217.html|20,00
11703725|AP058/3|Filtron|"Filtron | AP058/3 | Filtr powietrza, szt"|https://www.iparts.pl/czesc/filtr-powietrza-filtron-ap0583,0-256-ap0583-145277.html|28,00
11703781|AP 058/8|Filtron|"Filtron | AP 058/8 | Filtr powietrza, szt"|https://www.iparts.pl/czesc/filtr-powietrza-filtron-ap0588,0-256-ap0588-710435.html|31,00
11703817|AP060|Filtron|"Filtron | AP060 | Filtr powietrza, szt"|https://www.iparts.pl/czesc/filtr-powietrza-filtron-ap060,0-256-ap060-145280.html|22,00
11704080|AP074/3|Filtron|"Filtron | AP074/3 | Filtr powietrza, szt"|https://www.iparts.pl/czesc/filtr-powietrza-filtron-ap0743,0-256-ap0743-145302.html|24,00
11705423|AP107/7|Filtron|"Filtron | AP107/7 | Filtr powietrza, szt"|https://www.iparts.pl/czesc/filtr-powietrza-filtron-ap1077,0-256-ap1077-710888.html|34,00
11746169|AP133/2|Filtron|"Filtron | AP133/2 | Filtr powietrza, szt"|https://www.iparts.pl/czesc/filtr-powietrza-filtron-ap1332,0-256-ap1332-12543.html|15,00
11746213|AP134/2|Filtron|"Filtron | AP134/2 | Filtr powietrza, szt"|https://www.iparts.pl/czesc/filtr-powietrza-filtron-ap1342,0-256-ap1342-145443.html|19,00
11746272|AP 134/8|Filtron|"Filtron | AP 134/8 | Filtr powietrza, szt"|https://www.iparts.pl/czesc/filtr-powietrza-filtron-ap1348,0-256-ap1348-145449.html|25,00
11746309|AP135/2|Filtron|"Filtron | AP135/2 | Filtr powietrza, szt"|https://www.iparts.pl/czesc/filtr-powietrza-filtron-ap1352,0-256-ap1352-145452.html|35,00
11746501|AP 139/2|Filtron|"Filtron | AP 139/2 | Filtr powietrza, szt"|https://www.iparts.pl/czesc/filtr-powietrza-filtron-ap1392,0-256-ap1392-145464.html|27,00
11747042|AP 151/5|Filtron|"Filtron | AP 151/5 | Filtr powietrza, szt"|https://www.iparts.pl/czesc/filtr-powietrza-filtron-ap1515,0-256-ap1515-710505.html|25,00
11747083|AP152/3|Filtron|"Filtron | AP152/3 | Filtr powietrza, szt"|https://www.iparts.pl/czesc/filtr-powietrza-filtron-ap1523,0-256-ap1523-478800.html|49,00
11747357|AP 160/1|Filtron|"Filtron | AP 160/1 | Filtr powietrza, szt"|https://www.iparts.pl/czesc/filtr-powietrza-filtron-ap1601,0-256-ap1601-710512.html|28,00
11747460|AP165/5|Filtron|"Filtron | AP165/5 | Filtr powietrza, szt"|https://www.iparts.pl/czesc/filtr-powietrza-filtron-ap1655,0-256-ap1655-145524.html|51,00
11747905|AP177/7|Filtron|"Filtron | AP177/7 | Filtr powietrza, szt"|https://www.iparts.pl/czesc/filtr-powietrza-filtron-ap1777,0-256-ap1777-454303.html|27,00
11748001|AP180|Filtron|"Filtron | AP180 | Filtr powietrza, szt"|https://www.iparts.pl/czesc/filtr-powietrza-filtron-ap180,0-256-ap180-145552.html|23,00
11770448|AP 185/6|Filtron|"Filtron | AP 185/6 | Filtr powietrza, szt"|https://www.iparts.pl/czesc/filtr-powietrza-filtron-ap1856,0-256-ap1856-710536.html|39,00
11771088|AR131/1|Filtron|"Filtron | AR131/1 | Filtr powietrza, szt"|https://www.iparts.pl/czesc/filtr-powietrza-filtron-ar1311,0-256-ar1311-145613.html|22,00
11772393|AR316/1|Filtron|"Filtron | AR316/1 | Filtr powietrza, szt"|https://www.iparts.pl/czesc/filtr-powietrza-filtron-ar3161,0-256-ar3161-145740.html|58,00
11773116|K 1006|Filtron|"Filtron | K 1006 | Filtr kabinowy, szt"|https://www.iparts.pl/czesc/filtr-kabinowy-filtron-k1006,0-256-k1006-145796.html|16,00
11790584|K1078|Filtron|"Filtron | K1078 | Filtr kabinowy, szt"|https://www.iparts.pl/czesc/filtr-kabinowy-filtron-k1078,0-256-k1078-145890.html|25,00
11790630|K1081|Filtron|"Filtron | K1081 | Filtr kabinowy, szt"|https://www.iparts.pl/czesc/filtr-kabinowy-filtron-k1081,0-256-k1081-145895.html|25,00
11791057|K 1111|Filtron|"Filtron | K 1111 | Filtr kabinowy, szt"|https://www.iparts.pl/czesc/filtr-kabinowy-filtron-k1111,0-256-k1111-145930.html|23,00
11791982|K1172A|Filtron|"Filtron | K1172A | Filtr kabinowy z węglem aktywowanym, szt"|https://www.iparts.pl/czesc/filtr-kabinowy-filtron-k1172a,0-256-k1172a-710658.html|41,00
11792417|K 1223A|Filtron|"Filtron | K 1223A | Filtr kabinowy z węglem aktywnym, szt"|https://www.iparts.pl/czesc/filtr-kabinowy-filtron-k1223a,0-256-k1223a-478801.html|58,00
11817516|K1247A|Filtron|"Filtron | K1247A | Filtr kabinowy z węglem aktywowanym, szt"|https://www.iparts.pl/czesc/filtr-kabinowy-filtron-k1247a,0-256-k1247a-710675.html|53,00
11817780|K 1287|Filtron|"Filtron | K 1287 | Filtr kabinowy, szt"|https://www.iparts.pl/czesc/filtr-kabinowy-filtron-k1287,0-256-k1287-666853.html|34,00
11818155|OE 640/1|Filtron|"Filtron | OE 640/1 | Filtr oleju, szt"|https://www.iparts.pl/czesc/filtr-oleju-filtron-oe6401,0-256-oe6401-146077.html|16,00
11818185|OE640/5|Filtron|"Filtron | OE640/5 | Filtr oleju, szt"|https://www.iparts.pl/czesc/filtr-oleju-filtron-oe6405,0-256-oe6405-146081.html|14,00
11818253|OE648/1|Filtron|"Filtron | OE648/1 | Filtr oleju, szt"|https://www.iparts.pl/czesc/filtr-oleju-filtron-oe6481,0-256-oe6481-146090.html|15,00
11818263|OE648/2|Filtron|"Filtron | OE648/2 | Filtr oleju, szt"|https://www.iparts.pl/czesc/filtr-oleju-filtron-oe6482,0-256-oe6482-146091.html|12,00
11818277|OE648/4|Filtron|"Filtron | OE648/4 | Filtr oleju, szt"|https://www.iparts.pl/czesc/filtr-oleju-filtron-oe6484,0-256-oe6484-146092.html|18,00
11818288|OE648/5|Filtron|"Filtron | OE648/5 | Filtr oleju, szt"|https://www.iparts.pl/czesc/filtr-oleju-filtron-oe6485,0-256-oe6485-146093.html|19,00
11818331|OE648/8|Filtron|"Filtron | OE648/8 | Filtr oleju, szt"|https://www.iparts.pl/czesc/filtr-oleju-filtron-oe6488,0-256-oe6488-710744.html|25,00
11818358|OE649/2|Filtron|"Filtron | OE649/2 | Filtr oleju, szt"|https://www.iparts.pl/czesc/filtr-oleju-filtron-oe6492,0-256-oe6492-146097.html|15,00
11818389|OE649/4|Filtron|"Filtron | OE649/4 | Filtr oleju, szt"|https://www.iparts.pl/czesc/filtr-oleju-filtron-oe6494,0-256-oe6494-146099.html|17,00
11818985|OE665/1|Filtron|"Filtron | OE665/1 | Filtr oleju, szt"|https://www.iparts.pl/czesc/filtr-oleju-filtron-oe6651,0-256-oe6651-146118.html|14,00
11819068|OE669|Filtron|"Filtron | OE669 | Filtr oleju, szt"|https://www.iparts.pl/czesc/filtr-oleju-filtron-oe669,0-256-oe669-146124.html|17,00
11819086|OE 670|Filtron|"Filtron | OE 670 | Filtr oleju, szt"|https://www.iparts.pl/czesc/filtr-oleju-filtron-oe670,0-256-oe670-146126.html|16,00
11819173|OE674/5|Filtron|"Filtron | OE674/5 | Filtr oleju, szt"|https://www.iparts.pl/czesc/filtr-oleju-filtron-oe6745,0-256-oe6745-710755.html|23,00
11819294|OE682/1|Filtron|"Filtron | OE682/1 | Filtr oleju, szt"|https://www.iparts.pl/czesc/filtr-oleju-filtron-oe6821,0-256-oe6821-517042.html|45,00
11819382|OE 685|Filtron|"Filtron | OE 685 | Filtr oleju, szt"|https://www.iparts.pl/czesc/filtr-oleju-filtron-oe685,0-256-oe685-466389.html|18,00
11819399|OE685/2|Filtron|"Filtron | OE685/2 | Filtr oleju, szt"|https://www.iparts.pl/czesc/filtr-oleju-filtron-oe6852,0-256-oe6852-710766.html|17,00
11819425|OE688|Filtron|"Filtron | OE688 | Filtr oleju, szt"|https://www.iparts.pl/czesc/filtr-oleju-filtron-oe688,0-256-oe688-710771.html|17,00
11819797|OM522|Filtron|"Filtron | OM522 | Filtr oleju, szt"|https://www.iparts.pl/czesc/filtr-oleju-filtron-om522,0-256-om522-146180.html|16,00
11920052|AP005|Filtron|"Filtron | AP005 | Filtr powietrza, szt"|https://www.iparts.pl/czesc/filtr-powietrza-filtron-ap005,0-256-ap005-145197.html|23,00
27951538|OE 688/3|Filtron|"Filtron | OE 688/3 | Filtr oleju, szt"|https://www.iparts.pl/czesc/filtr-oleju-filtron-oe6883,0-256-oe6883-1437569.html|19,00
58167148|K 1392-2X|Filtron|"Filtron | K 1392-2X | Filtr kabinowy, szt"|item not found|0
58598639|PP 838/9|Filtron|"Filtron | PP 838/9 | Filtr paliwa, szt"|https://www.iparts.pl/czesc/filtr-paliwa-filtron-pp8389,0-256-pp8389-2234747.html|93,00
60989906|K1332A|Filtron|"Filtron | K1332A | Filtr kabinowy z węglem aktywowanym, szt"|https://www.iparts.pl/czesc/filtr-kabinowy-filtron-k1332a,0-256-k1332a-1981518.html|43,00
46015445|1 619 306|Ford|"Ford | 1 619 306 | Uchwyt(posiadacz), szt"|item not found|0
46440372|1 746 209|Ford|"Ford | 1 746 209 | DAEMPFUNGSGUMMI, szt"|item not found|0
41252172|TH51883G1|Gates|"Gates | TH51883G1 | Termostat, szt"|https://www.iparts.pl/czesc/termostat-ukladu-chlodzenia-gates-th51883g1,0-33-th51883g1-1480760.html#100095|40,00
28747678|9336014K|GSP|"GSP | 9336014K | Łożysko piasty koła,  komplet, szt"|https://www.iparts.pl/czesc/lozysko-kola-gsp-9336014k,0-373-9336014k-2189626.html#100578|164,00
865496|1N0 009 295-077|Hella|"Hella | 1N0 009 295-077 | Reflektor przeciwmgielny lewy, szt"|https://www.iparts.pl/czesc/reflektor-przeciwmglowy-halogen-hella-1n0009295-077-hella-1n0009295077,1-2-1n0009295077-1761758.html|205,00
875043|8GA 007 997-121|Hella|"Hella | 8GA 007 997-121 | Żarowe BAX 12V 1,2W, szt"|https://www.iparts.pl/czesc/12v1-2w-zarowka-hella-8ga007997121,0-2-8ga007997121-836422.html|8,00
875060|8GA 007 997-141|Hella|"Hella | 8GA 007 997-141 | Żarowe BAX 12V 1,5W, szt"|https://www.iparts.pl/czesc/12v1-5w-zarowka-hella-8ga007997141,0-2-8ga007997141-836424.html|8,00
946966|8GA 007 997-171|Hella|"Hella | 8GA 007 997-171 | Żarowe BAX 12V 1,1W, szt"|https://www.iparts.pl/czesc/zarowka-oswietlenia-tablicy-przyrzadow-hella-8ga-007-997-171-hella-8ga007997171,0-2-8ga007997171-836427.html|1,99
22414276|08267-999-02HE|Honda|"Honda | 08267-999-02HE | Olej przekładniowy Honda ULTRA MTF-III, 1 l, szt"|item not found|0
23063467|26300-35504|Hyundai/Kia|"Hyundai/Kia | 26300-35504 | Filtr oleju (zamiennik dla 26300-35505), szt"|item not found|0
60634773|1448|Impergom|"Impergom | 1448 | Zawieszenie, szt"|item not found|0
60634774|1447|Impergom|"Impergom | 1447 | Zawieszenie, szt"|item not found|0
10182016|1113800100|Jp Group|"Jp Group | 1113800100 | Korek miski olejowej, szt"|item not found|0
27819771|1193102300|Jp Group|"Jp Group | 1193102300 | Czujnik temperatury płynu chłodniczego, szt"|https://www.iparts.pl/czesc/czujnik-temperatury-plynu-chlodzacego-jp-group-1193102300,0-268-1193102300-1828321.html#102747|18,00
57877470|W121|K2|"K2 | W121 | Smar uniwersalny Abro AB-80 spray, 400 ml, szt"|https://www.iparts.pl/czesc/smar-k2-0-4-litr-aerozol-bialy-k2-w121,1-k2-w121-1624432.html|12,00
64838328|G167|K2|"K2 | G167 | Srodek do mycia felg roton plyn, 700ml, szt"|https://www.iparts.pl/czesc/plyn-do-mycia-felg-k2-roton-700ml-k2-g167,1-k2-g167-1148526.html|14,00
64838466|T205C|K2|"K2 | T205C | Płyn przeciw zamarzaniu K2 Long Life G12+ czerwony, gotowy do użycia -35, 5L, szt"|https://www.iparts.pl/czesc/plyn-do-chlodnicy-k2-t205c,1-k2-t205c-979807.html|59,00
6455183|F102901|Kamoka|"Kamoka | F102901 | Filtr oleju, szt"|https://www.iparts.pl/czesc/filtr-oleju-kamoka-f102901,0-185-f102901-1540914.html|10,00
6470115|F301001|Kamoka|"Kamoka | F301001 | Filtr paliwa, szt"|https://www.iparts.pl/czesc/filtr-paliwa-kamoka-f301001,0-185-f301001-1192677.html|26,00
6765528|F506701|Kamoka|"Kamoka | F506701 | Filtr kabinowy z węglem aktywnym, szt"|https://www.iparts.pl/czesc/filtr-kabinowy-kamoka-f506701,0-185-f506701-1192938.html|26,00
12499152|1734100|Kraft Automotive|"Kraft Automotive | 1734100 | Filtr kabinowy, szt"|https://www.iparts.pl/czesc/filtr-kabinowy-kraft-automotive-1734100,0-4546-1734100-959611.html|19,00
47250|441066|KYB (Kayaba)|"KYB (Kayaba) | 441066 | Amortyzator zawieszenia olejowy KYB Premium tylny, szt"|item not found|0
8639016|13676 02|Lemforder|"Lemforder | 13676 02 | Wahacz zawieszenia przedni dólny lewy, szt"|item not found|0
8639042|13677 02|Lemforder|"Lemforder | 13677 02 | Wahacz zawieszenia przedni dólny prawy, szt"|item not found|0
27744663|2425|Liqui Moly|"Liqui Moly | 2425 | PRO-LINE MOTORSPULUNG PŁUKANKA, 1 L, szt"|item not found|0
12795093|017-12-900|Loro|"Loro | 017-12-900 | Lampa oświetlenia tablicy rejestracyjnej, szt"|item not found|0
64888650|720073|LuminexLine|"LuminexLine | 720073 | Reflektor światła dodatkowego, szt"|item not found|0
64888651|720076|LuminexLine|"LuminexLine | 720076 | Reflektor światła dodatkowego, szt"|item not found|0
64888652|720168|LuminexLine|"LuminexLine | 720168 | Reflektor światła dodatkowego, szt"|item not found|0
64888653|720169|LuminexLine|"LuminexLine | 720169 | Reflektor światła dodatkowego, szt"|item not found|0
64888660|725691|LuminexLine|"LuminexLine | 725691 | Reflektor światła dodatkowego, szt"|product not found|0
64888666|727471|LuminexLine|"LuminexLine | 727471 | Reflektor światła dodatkowego, szt"|item not found|0
64888729|722141|LuminexLine|"LuminexLine | 722141 | Lampa  tylna, szt"|item not found|0
64888731|727451|LuminexLine|"LuminexLine | 727451 | Lampa światło błyskowe, szt"|item not found|0
64888732|727452|LuminexLine|"LuminexLine | 727452 | Lampa światło błyskowe, szt"|item not found|0
64888747|727459|LuminexLine|"LuminexLine | 727459 | Światło błyskowe, szt"|product not found|0
64888754|727456|LuminexLine|"LuminexLine | 727456 | Światło błyskowe, szt"|product not found|0
64888774|727463|LuminexLine|"LuminexLine | 727463 | Światło błyskowe, szt"|item not found|0
64927162|729998|LuminexLine|"LuminexLine | 729998 | Awarijne światło LED, Magnetyczne, szt"|product not found|0
18681041|8507100000|Magneti marelli|"Magneti marelli | 008507100000 | Żarówka żółty PY21W 12V 21W, szt"|item not found|0
28486540|153071760734|Magneti marelli|"Magneti marelli | 153071760734 | Filtr powietrza, szt"|https://www.iparts.pl/czesc/filtr-powietrza-magneti-marelli-153071760734,0-95-153071760734-1550283.html|38,00
14236114|LX 786|Mahle/Knecht|"Mahle/Knecht | LX 786 | Filtr powietrza, szt"|item not found|0
14290212|OC 262|Mahle/Knecht|"Mahle/Knecht | OC 262 | Filtr oleju, szt"|item not found|0
14306323|OX 153D1|Mahle/Knecht|"Mahle/Knecht | OX 153D1 | Filtr oleju, szt"|item not found|0
14306335|OX 153D2|Mahle/Knecht|"Mahle/Knecht | OX 153D2 | Filtr oleju, szt"|item not found|0
14306389|OX 156D|Mahle/Knecht|"Mahle/Knecht | OX 156D | Filtr oleju, szt"|item not found|0
14306695|OX 183/5D1|Mahle/Knecht|"Mahle/Knecht | OX 183/5D1 | Filtr oleju, szt"|item not found|0
14307220|OX 360D|Mahle/Knecht|"Mahle/Knecht | OX 360D | Filtr oleju, szt"|item not found|0
14307466|OX 386D|Mahle/Knecht|"Mahle/Knecht | OX 386D | Filtr oleju, szt"|item not found|0
14480637|LX 1573|Mahle/Knecht|"Mahle/Knecht | LX 1573 | Filtr powietrza, szt"|item not found|0
10410152|CUK 2532|MANN-FILTER|"MANN-FILTER | CUK 2532 | Filtr kabinowy z węglem aktywowanym, szt"|https://www.iparts.pl/czesc/filtr-kabinowy-mann-filter-cuk2532,0-4-cuk2532-1462058.html|58,00
23157047|HU 7004/1 X|MANN-FILTER|"MANN-FILTER | HU 7004/1 X | Filtr oleju, szt"|https://www.iparts.pl/czesc/filtr-oleju-mann-filter-hu70041x,0-4-hu70041x-711891.html
23157092|HU 7010 Z|MANN-FILTER|"MANN-FILTER | HU 7010 Z | Filtr oleju, szt"|https://www.iparts.pl/czesc/filtr-oleju-mann-filter-hu7010z,0-4-hu7010z-712652.html|36,00
23168504|CU 29 003-2|MANN-FILTER|"MANN-FILTER | CU 29 003-2 | Filtr kabinowy, szt"|https://www.iparts.pl/czesc/filtr-kabinowy-mann-filter-cu290032,0-4-cu290032-970739.html|49,00
23185683|HU 726/2 X|MANN-FILTER|"MANN-FILTER | HU 726/2 X | Filtr oleju, szt"|https://www.iparts.pl/czesc/filtr-oleju-mann-filter-hu7262x,0-4-hu7262x-143824.html|21,00
23185953|HU 831 X|MANN-FILTER|"MANN-FILTER | HU 831 X | Filtr oleju, szt"|https://www.iparts.pl/czesc/filtr-oleju-mann-filter-hu831x,0-4-hu831x-143840.html|44,00
23237640|CUK 3023-2|MANN-FILTER|"MANN-FILTER | CUK 3023-2 | Filtr kabinowy z węglem aktywowanym, szt"|https://www.iparts.pl/czesc/filtr-kabinowy-mann-filter-cuk30232,0-4-cuk30232-143410.html|109,00
23291730|PU 825 X|MANN-FILTER|"MANN-FILTER | PU 825 X | Filtr paliwa, szt"|https://www.iparts.pl/czesc/filtr-paliwa-mann-filter-pu825x,0-4-pu825x-144018.html|75,00
23293832|W 68/3|MANN-FILTER|"MANN-FILTER | W 68/3 | Filtr oleju, szt"|https://www.iparts.pl/czesc/filtr-oleju-mann-filter-w683,0-4-w683-430631.html|23,00
23321454|C 17 006|MANN-FILTER|"MANN-FILTER | C 17 006 | Filtr powietrza, szt"|https://www.iparts.pl/czesc/filtr-powietrza-mann-filter-c17006,0-4-c17006-970636.html|64,00
23376883|C 26 110/1|MANN-FILTER|"MANN-FILTER | C 26 110/1 | Filtr powietrza, szt"|https://www.iparts.pl/czesc/filtr-powietrza-mann-filter-c261101,0-4-c261101-142403.html|45,00
18968578|13-0460-7133-2N-SET-MS|Master-sport|"Master-sport | 13-0460-7133-2N-SET-MS | Klocki hamulcowe, zestaw, szt"|item not found|0
19052899|21678-PCS-MS|Master-sport|"Master-sport | 21678-PCS-MS | Łącznik stabilizatora, szt"|https://www.iparts.pl/czesc/lacznik-stabilizatora-master-sport-21678pcsms,0-358-21678pcsms-1451235.html#100577|64,00
28346484|304983-SET-MS|Master-sport|"Master-sport | 304983-SET-MS | Przegub  homokinetyczny, szt"|https://www.iparts.pl/czesc/przegub-napedowy-kompletny-master-sport-304983setms,0-358-304983setms-1455820.html#100071|95,00
3726574|A 675 320 09 37|Mercedes|"Mercedes | A 675 320 09 37 | ZACZEP STABILIZATORA, szt"|item not found|0
48896318|5220K208|Mitsubishi|"Mitsubishi | 5220K208 | MOULDING,FR WHEEL ARCH,, szt"|item not found|0
22089405|102786|Motul|"Motul | 102786 | Olej silnikowy Motul 8100 X-Clean 5W-40, 1 l (102050,854111), szt"|https://www.iparts.pl/czesc/olej-silnikowy-motul-8100-x-clean-5w40-1-litr-motul-102786,0-436-102786-638950.html|36,00
22118872|104559|Motul|"Motul | 104559 | Olej silnikowy Motul Specific 913D 5W-30, 1 l (856311,104559), szt"|https://www.iparts.pl/czesc/olej-silnikowy-motul-specific-913d-5w30-1-litr-motul-104559,0-436-104559-970170.html|38,00
27408630|106377|Motul|"Motul | 106377 | Olej silnikowy Motul 8100 X-CLEAN  5W-30, 5 l, szt"|https://www.iparts.pl/czesc/olej-silnikowy-motul-8100-x-clean-5w30-5-litrow-motul-106377,0-436-106377-638947.html|157,00
19607336|170483000|Narva|"Narva | 170483000 | Żarowe BAX 12V 1,5W, szt"|item not found|0
9650326|173143000|Narva|"Narva | 173143000 | Żarówka C10W 12V 10W, szt"|item not found|0
9650493|176383000|Narva|"Narva | 176383000 | Żarówka żółty PY21W 12V 21W, szt"|item not found|0
9677919|17916|Narva|"Narva | 17916 | Żarowe P21/5W 12V 21/5W, szt"|https://www.iparts.pl/czesc/zarowka-narva-17916,0-485-17916-1320077.html|3,00
13041624|N264|Neolux|"Neolux | N264 | Żarowe C10W 12V 10W, szt"|https://www.iparts.pl/czesc/zarowka-neolux-n264,0-4671-n264-2788598.html|1,99
13041703|N434|Neolux|"Neolux | N434 | Żarówka H6W 12V 6W, szt"|https://www.iparts.pl/czesc/zarowka-neolux-n434,0-4671-n434-2788605.html|2,99
1684383|N499|Neolux|"Neolux | N499 | Żarówka halogenowa H7 12V 55W, szt"|https://www.iparts.pl/czesc/zarowka-neolux-n499,0-4671-n499-2783030.html|9,00
23948697|7569|NGK|"NGK | 7569 | Świeca zapłonowa NGK Laser Platinum PTR6F13, szt"|https://www.iparts.pl/czesc/swieca-zaplonowa-ngk-7569,0-15-7569-343085.html|42,00
23975512|3812|NGK|"NGK | 3812 | Świeca zapłonowa NGK Standart BP6EFS, szt"|https://www.iparts.pl/czesc/swieca-zaplonowa-ngk-3812,0-15-3812-34511.html|10,00
64863478|76001150|Nrf|"Nrf | 76001150 | Паста для мыття рук, 250 мл, szt"|item not found|0
11721300|5008ULT|Osram|"Osram | 5008ULT | Żarówka R10W 12V 10W, szt"|https://www.iparts.pl/czesc/zarowka-osram-5008ult,0-67-5008ult-661215.html|4,00
11748329|64210|Osram|"Osram | 64210 | Żarówka halogenowa Osram Original H7 12V 55W, szt"|https://www.iparts.pl/czesc/zarowka-osram-64210,0-67-64210-512322.html|10,00
11748407|64210CBI-01B|Osram|"Osram | 64210CBI-01B | Żarówka halogenowa Osram Cool Blue Intense H7 12V 55W, szt"|https://www.iparts.pl/czesc/zarowka-osram-64210cbi01b,0-67-64210cbi01b-661333.html|27,00
11775266|7506ULT|Osram|"Osram | 7506ULT | Żarowe P21W 12V 21W, szt"|https://www.iparts.pl/czesc/zarowka-osram-7506ult,0-67-7506ult-661410.html|4,00
11775730|921|Osram|"Osram | 921 | Żarówka W16W 12V 16W, szt"|https://www.iparts.pl/czesc/zarowka-osram-921,0-67-921-661453.html|3,00
41516006|64193XR-01B|Osram|"Osram | 64193XR-01B | Żarówka halogenowa Osram X-Racer Moto H4 12V 60/55W, szt"|https://www.iparts.pl/czesc/zarowka-reflektora-osram-64193xr01b,0-67-64193xr01b-1796344.html#100427|28,00
53838298|7705CW-02B|Osram|"Osram | 7705CW-02B | Żarówka LED, szt"|https://www.iparts.pl/czesc/zarowka-osram-7705cw-02b-osram-7705cw02b,0-67-7705cw02b-1516137.html|84,00
57675964|WU525|Oximo|"Oximo | WU525 | Pióro wycieraczki, szt"|https://www.iparts.pl/czesc/wycieraczka-plaska-525-mm-oximo-wu525,1-oximo-wu525-2084102.html|16,00
12634344|12342CTVBW|Philips|"Philips | 12342CTVBW | Żarówka halogenowa Philips CityVision Moto +40% H4 12V 60/55W, szt"|https://www.iparts.pl/czesc/zarowka-reflektora-philips-12342ctvbw,0-75-12342ctvbw-1613363.html#100427|42,00
12634462|12342VPS2|Philips|"Philips | 12342VPS2 | Żarówka halogenowa Philips VisionPlus +60% H4 12V 60/55W (2 szt.), szt"|https://www.iparts.pl/czesc/zarowka-philips-12342vps2,0-75-12342vps2-723328.html|55,00
12634526|12498CP|Philips|"Philips | 12498CP | Żarówka P21W 12V 21W, szt"|https://www.iparts.pl/czesc/zarowka-philips-12498cp,0-75-12498cp-910538.html|3,00
12636327|9005PRC1|Philips|"Philips | 9005PRC1 | Żarówka halogenowa Philips Vision +30% HB3 12V 60W, szt"|https://www.iparts.pl/czesc/zarowka-philips-9005prc1,0-75-9005prc1-538447.html|28,00
19534412|12258NGDLB1|Philips|"Philips | 12258NGDLB1 | Żarówka halogenowa Philips NightGuide DoubleLife H1 12V 55W, szt"|item not found|0
21987610|12362WHVB1|Philips|"Philips | 12362WHVB1 | Żarówka halogenowa Philips WhiteVision H11 12V 55W, szt"|https://www.iparts.pl/czesc/zarowka-philips-12362whvb1,0-75-12362whvb1-1462401.html|111,00
21987662|12342PRC2|Philips|"Philips | 12342PRC2 | Żarówka halogenowa Philips Vision +30% H4 12V 60/55W (2 szt.), szt"|https://www.iparts.pl/czesc/zarowka-reflektora-dalekosieznego-philips-12342prc2-philips-12342prc2,0-75-12342prc2-1516180.html|22,00
27919228|12342ELC2|Philips|"Philips | 12342ELC2 | Żarówka halogenowa Philips LongerLife H4 12V 60/55W, szt"|https://www.iparts.pl/czesc/zarowka-reflektora-dalekosieznego-philips-12342elc2-philips-12342elc2,0-75-12342elc2-1462397.html|39,00
64886348|12972RGTS2|Philips|"Philips | 12972RGTS2 | Żarówka halogenowa Philips RacingVision GT200 + 200% H7 12V 55W (2 szt.), szt"|item not found|0
764217|12961B2|Philips|"Philips | 12961B2 | Żarówka W5W 12V 5W, szt"|https://www.iparts.pl/czesc/zarowka-philips-12961b2,0-75-12961b2-1462414.html|6,00
764273|12961NBVB2|Philips|"Philips | 12961NBVB2 | Żarówka W5W 12V 5W, szt"|https://www.iparts.pl/czesc/zarowka-philips-12961nbvb2,0-75-12961nbvb2-1118858.html|14,00
764387|12972PRC1|Philips|"Philips | 12972PRC1 | Żarówka halogenowa Philips Vision +30% H7 12V 55W, szt"|https://www.iparts.pl/czesc/zarowka-philips-12972prc1,0-75-12972prc1-323067.html|22,00
12289705|2501-3525|Profit|"Profit | 2501-3525 | Łożysko tylnej piasty koła,  komplet, szt"|item not found|0
7776019|LS892|Purflux|"Purflux | LS892 | Filtr oleju, szt"|https://www.iparts.pl/czesc/filtr-oleju-purflux-ls892,0-38-ls892-713759.html|21,00
19034340|4014835733916|Ravenol|"Ravenol | 4014835733916 | Olej przekładniowy Ravenol VSG SAE 75W-90, 1 l (1221101-001-01-998,1221101, szt"|item not found|0
23185556|6688.00|Remsa|"Remsa | 6688.00 | Tarcza  hamulcowa, szt"|https://www.iparts.pl/czesc/tarcza-hamulcowa-remsa-668800,0-153-668800-2863219.html#100579|119,00
10226489|77 03 075 347|Renault|"Renault | 77 03 075 347 | Korek miski olejowej, szt"|item not found|0
11319725|82 00 768 927|Renault|"Renault | 82 00 768 927 | Filtr oleju, szt"|item not found|0
16398436|77 01 064 235|Renault|"Renault | 77 01 064 235 | Filtr kabinowy, szt"|item not found|0
18329252|77 03 620 057|Renault|"Renault | 77 03 620 057 | Śruba, szt"|item not found|0
23524575|77 01 063 733|Renault|"Renault | 77 01 063 733 | Pióro wycieraczki, szt"|item not found|0
6936079|16 54 670 78R|Renault|"Renault | 16 54 670 78R | Filtr powietrza, szt"|item not found|0
21755534|C60303|Romix|"Romix | C60303 | Tulei gniazda (pokrywa) o wymiarach: 16 B 20 C 14 C 4,8 g 7,3 h 9, szt"|https://www.iparts.pl/czesc/uchwyt-zderzak-gniazdo-blotnikow-i-oslon-audivwseat-romix-c60303,1-romix-c60303-2293555.html|3,00
21796358|C60424|Romix|"Romix | C60424 | Podkładka mocowania pasów bezpieczeństwa, szt"|https://www.iparts.pl/czesc/spinka-zabezpieczenie-klamry-pasow-bezpieczenstwa-romix-c60424,1-romix-c60424-2293646.html|6,00
21811756|10460|Romix|"Romix | 10460 | ext klip. tapicerka, szt"|https://www.iparts.pl/czesc/spinka-romix-10460,1-romix-10460-2292369.html|2,00
21812063|B22090|Romix|"Romix | B22090 | Klipy, szt"|https://www.iparts.pl/czesc/spinka-10szt-w-opakowaniu-romix-b22090,1-romix-b22090-2293071.html|21,00
28465300|93-90434|Rts|"Rts | 93-90434 | Sworzeń wahacza, szt"|https://www.iparts.pl/czesc/sworzen-wahacza-rts-9390434,0-430-9390434-1566048.html|67,00
7716261|6283 000 131|SACHS|"SACHS | 6283 000 131 | Cylinder sprzęgła, roboczy, szt"|https://www.iparts.pl/czesc/silownik-sprzegla-sachs-6283000131,0-32-6283000131-691110.html#100060|77,00
13225535|1630210|Sasic|"Sasic | 1630210 | Korek miski olejowej, szt"|https://www.iparts.pl/czesc/korek-spustowy-miski-olejowej-sasic-1630210,0-260-1630210-29679.html#100491|3,00
41510361|550040755|Shell|"Shell | 550040755 | Olej silnikowy Shell Helix Ultra 5W-40, 4 l, szt"|item not found|0
60628912|550028131|Shell|"Shell | 550028131 | Smar do łożysk kompleks litowy GADUS S3 V220C 2, 0,4 kg, szt"|item not found|0
10409373|VKMC 01222|SKF|"SKF | VKMC 01222 | Pompa wodna + zestaw paska rozrzadu, szt"|https://www.iparts.pl/czesc/zestaw-paska-rozrzadu-pompa-wody-skf-vkmc01222,0-50-vkmc01222-716550.html#100091|493,00
10426640|VKMC 93006|SKF|"SKF | VKMC 93006 | Pompa wodna + zestaw paska rozrzadu, szt"|https://www.iparts.pl/czesc/zestaw-paska-rozrzadu-pompa-wody-skf-vkmc93006,0-50-vkmc93006-975367.html#100091|346,00
17968804|GT37307|SNR|"SNR | GT37307 | Rolka paska rozrządu, szt"|item not found|0
1476685|99.99.935|Starline|"Starline | 99.99.935 | Żarowe R5W, szt"|https://www.iparts.pl/czesc/zarowka-r5w-24v-5w-ba15s-szt-starline-starline-9999935,1-4675-9999935-0.html|0
1476711|99.99.938|Starline|"Starline | 99.99.938 | Żarowe T4W, szt"|item not found|0
15712480|99.99.997|Starline|"Starline | 99.99.997 | Żarowe W5W 12V 5W, szt"|item not found|0
15713864|BD S002S|Starline|"Starline | BD S002S | Klocki hamulcowe, zestaw, szt"|https://www.iparts.pl/czesc/klocki-hamulcowe-komplet-starline-bds002s-starline-bds002s,1-4675-bds002s-0.html|0
56849560|NA SW80-3|Starline|"Starline | NA SW80-3 | Płyn do spryskiwaczy WINTER SCREEN WASH, Zimowa -80°C, 3 l, szt"|item not found|0
1002008|30 92 6422|SWAG|"SWAG | 30 92 6422 | Śruba  głowicy bloku cylindrów, szt"|https://www.iparts.pl/czesc/sruba-glowicy-cylindrow-swag-30926422,0-151-30926422-896773.html#100378|7,00
22374482|40 94 0910|SWAG|"SWAG | 40 94 0910 | PrzekaYnik wielofunkcyjny, szt"|https://www.iparts.pl/czesc/przekaznik-wielofunkcyjny-swag-40-94-0910-swag-40940910,0-151-40940910-1098503.html|26,00
22944073|60 92 2265|SWAG|"SWAG | 60 92 2265 | Przegub kulowy przedni dolny wahacz, szt"|https://www.iparts.pl/czesc/sworzen-wahacza-swag-60922265,0-151-60922265-417602.html|60,00
24767839|10 79 0090|SWAG|"SWAG | 10 79 0090 | Tuleja stabilizatora  przedniego, szt"|https://www.iparts.pl/czesc/guma-drazka-stabilizatora-swag-10790090,0-151-10790090-411092.html#100596|14,00
25124537|85 93 2456|SWAG|"SWAG | 85 93 2456 | Pierścień uszczelniający korka spustu oleju, szt"|https://www.iparts.pl/czesc/pierscien-uszczelniajacy-korka-spustowego-oleju-swag-85932456,0-151-85932456-493739.html#100490|3,00
7870536|2399401|Textar|"Textar | 2399401 | Klocki hamulcowe tarczowe, komplet, szt"|https://www.iparts.pl/czesc/klocki-hamulcowe-komplet-textar-2399401,0-39-2399401-32794.html#100598|106,00
14737376|202 317|Topran|"Topran | 202 317 | Termostat, szt"|https://www.iparts.pl/czesc/termostat-ukladu-chlodzenia-topran-202317,0-301-202317-740844.html#100095|17,00
24039069|BK1956|TRW|"TRW | BK1956 | Szczęki hamulcowe, zestaw, szt"|https://www.iparts.pl/czesc/szczeki-hamulcowe-komplet-trw-bk1956,0-161-bk1956-583516.html#100598|841,00
24220966|GDB1464|TRW|"TRW | GDB1464 | Klocki hamulcowe tarczowe, komplet, szt"|https://www.iparts.pl/czesc/klocki-hamulcowe-komplet-trw-gdb1464,0-161-gdb1464-73451.html#100598|97,00
24221176|GDB1479|TRW|"TRW | GDB1479 | Klocki hamulcowe tarczowe, komplet, szt"|https://www.iparts.pl/czesc/klocki-hamulcowe-komplet-trw-gdb1479,0-161-gdb1479-74380.html#100598|100,00
24222128|GDB1555|TRW|"TRW | GDB1555 | Klocki hamulcowe tarczowe, komplet, szt"|https://www.iparts.pl/czesc/klocki-hamulcowe-komplet-trw-gdb1555,0-161-gdb1555-73470.html#100598|170,00
24222149|GDB1557|TRW|"TRW | GDB1557 | Klocki hamulcowe tarczowe, komplet, szt"|https://www.iparts.pl/czesc/klocki-hamulcowe-komplet-trw-gdb1557,0-161-gdb1557-73471.html#100598|137,00
24222455|GDB1583|TRW|"TRW | GDB1583 | Klocki hamulcowe tarczowe, komplet, szt"|https://www.iparts.pl/czesc/klocki-hamulcowe-komplet-trw-gdb1583,0-161-gdb1583-73474.html#100598|125,00
24222935|GDB1622|TRW|"TRW | GDB1622 | Klocki hamulcowe tarczowe, komplet, szt"|https://www.iparts.pl/czesc/klocki-hamulcowe-komplet-trw-gdb1622,0-161-gdb1622-73477.html#100598|122,00
24250128|GDB823|TRW|"TRW | GDB823 | Klocki hamulcowe, zestaw, szt"|https://www.iparts.pl/czesc/klocki-hamulcowe-komplet-trw-gdb823,0-161-gdb823-73520.html#100598|68,00
24264457|GDB1681|TRW|"TRW | GDB1681 | Klocki hamulcowe tarczowe, komplet, szt"|https://www.iparts.pl/czesc/klocki-hamulcowe-komplet-trw-gdb1681,0-161-gdb1681-74505.html#100598|209,00
24264473|GDB1682|TRW|"TRW | GDB1682 | Klocki hamulcowe tarczowe, komplet, szt"|https://www.iparts.pl/czesc/klocki-hamulcowe-komplet-trw-gdb1682,0-161-gdb1682-74506.html#100598|160,00
24264653|GDB1697|TRW|"TRW | GDB1697 | Klocki hamulcowe tarczowe, komplet, szt"|https://www.iparts.pl/czesc/klocki-hamulcowe-komplet-trw-gdb1697,0-161-gdb1697-74511.html#100598|157,00
24264687|GDB1700|TRW|"TRW | GDB1700 | Klocki hamulcowe tarczowe, komplet, szt"|https://www.iparts.pl/czesc/klocki-hamulcowe-komplet-trw-gdb1700,0-161-gdb1700-73480.html#100598|130,00
24264735|GDB1703|TRW|"TRW | GDB1703 | Klocki hamulcowe tarczowe, komplet, szt"|https://www.iparts.pl/czesc/klocki-hamulcowe-komplet-trw-gdb1703,0-161-gdb1703-332831.html#100598|190,00
24266893|GDB1903|TRW|"TRW | GDB1903 | Klocki hamulcowe, zestaw, szt"|https://www.iparts.pl/czesc/klocki-hamulcowe-komplet-trw-gdb1903,0-161-gdb1903-585144.html#100598|136,00
24299061|GDB2016|TRW|"TRW | GDB2016 | Klocki hamulcowe tarczowe, komplet, szt"|https://www.iparts.pl/czesc/klocki-hamulcowe-komplet-trw-gdb2016,0-161-gdb2016-1127827.html#100598|86,00
12729050|18-5420-05-2|TYC|"TYC | 18-5420-05-2 | Kierunkowskaz, szt"|https://www.iparts.pl/czesc/lampa-kierunkowskazu-tyc-185420052,0-61-185420052-59224.html|27,00
858606|12-0156-01-2|TYC|"TYC | 12-0156-01-2 | Światła do jazdy dziennej (DRL), szt"|https://www.iparts.pl/czesc/swiatla-do-jazdy-w-dzien-tyc-120156012,0-61-120156012-1043079.html|87,00
26276672|N 903 682 03|VAG|"VAG | N 903 682 03 | Nakrętka, szt"|item not found|0
62977019|G052502M4|VAG|"VAG | G052502M4 | Olej silnikowy VAG Special G 5W-40, 5 (zastąpione przez GS55502M4), szt"|item not found|0
9511547|03L 115 562|VAG|"VAG | 03L 115 562 | Filtr oleju, szt"|item not found|0
28674010|V10-3326|Vaico|"Vaico | V10-3326 | Pierścień uszczelniający korka spustowego oleju, szt"|https://www.iparts.pl/czesc/pierscien-uszczelniajacy-korka-spustowego-oleju-vaico-v103326,0-162-v103326-1297451.html#100490|10,00
58852265|V104365|Vaico|"Vaico | V104365 | Filtr automatycznej skrzyni biegów, szt"|item not found|0
23848180|574119|Valeo|"Valeo | 574119 | Ramka wycieraczki valeo silencio standard 580 mm (23""), szt"|https://www.iparts.pl/czesc/pioro-wycieraczki-valeo-574119,0-21-574119-1175184.html|54,00
23848302|574131|Valeo|"Valeo | 574131 | Ramka wycieraczki tył valeo silencio tył 450 mm (18""), szt"|https://www.iparts.pl/czesc/pioro-wycieraczki-valeo-574131,0-21-574131-981707.html|48,00
23848402|574142|Valeo|"Valeo | 574142 | Ramka wycieraczki valeo silencio performance 600 mm (24""), szt"|https://www.iparts.pl/czesc/pioro-wycieraczki-valeo-574142,0-21-574142-1175189.html|71,00
23848474|574150|Valeo|"Valeo | 574150 | Ramka wycieraczki valeo silencio performance 530 mm (21""), szt"|https://www.iparts.pl/czesc/pioro-wycieraczki-valeo-574150,0-21-574150-1175194.html|68,00
23848520|574154|Valeo|"Valeo | 574154 | Ramka wycieraczki valeo silencio performance spoiler 510 mm (20""), szt"|https://www.iparts.pl/czesc/pioro-wycieraczki-valeo-574154,0-21-574154-1175195.html|64,00
23848540|574156|Valeo|"Valeo | 574156 | Ramka wycieraczki valeo silencio performance spoiler 530 mm (21""), szt"|https://www.iparts.pl/czesc/pioro-wycieraczki-valeo-574156,0-21-574156-1175196.html|60,00
23848892|574191|Valeo|"Valeo | 574191 | Ramka wycieraczki valeo silencio performance 530 mm (21""), szt"|https://www.iparts.pl/czesc/pioro-wycieraczki-valeo-574191,0-21-574191-1175219.html|63,00
23848901|574192|Valeo|"Valeo | 574192 | Ramka wycieraczki valeo silencio performance 550 mm (22""), szt"|https://www.iparts.pl/czesc/pioro-wycieraczki-valeo-574192,0-21-574192-67655.html|73,00
23848908|574193|Valeo|"Valeo | 574193 | Ramka wycieraczki valeo silencio performance spoiler 550 mm (22""), szt"|https://www.iparts.pl/czesc/pioro-wycieraczki-valeo-574193,0-21-574193-67639.html|51,00
23848967|574198|Valeo|"Valeo | 574198 | Ramka wycieraczki tył valeo silencio tył 230 mm (9""), szt"|https://www.iparts.pl/czesc/pioro-wycieraczki-valeo-574198-valeo-574198,0-21-574198-650057.html|27,00
23849320|574254|Valeo|"Valeo | 574254 | Zestaw piór wycieraczek ramy Spoiler Valeo Silencio 580/500, szt"|https://www.iparts.pl/czesc/pioro-wycieraczki-valeo-574254,0-21-574254-67642.html|154,00
23849372|574275|Valeo|"Valeo | 574275 | Zestaw piór wycieraczek ramy Spoiler Valeo Silencio 600/450, szt"|https://www.iparts.pl/czesc/pioro-wycieraczki-valeo-574275,0-21-574275-67643.html|93,00
23849403|574278|Valeo|"Valeo | 574278 | Zestaw szczotek wycieraczek ramowych Valeo Silencio Performance 680/650, szt"|https://www.iparts.pl/czesc/pioro-wycieraczki-valeo-574278,0-21-574278-66363.html|167,00
23849423|574280|Valeo|"Valeo | 574280 | Ramka wycieraczki tył valeo silencio tył 180 mm (7""), szt"|https://www.iparts.pl/czesc/pioro-wycieraczki-valeo-574280,0-21-574280-643647.html|29,00
23849709|574309|Valeo|"Valeo | 574309 | Zestaw bezramowych piór wycieraczek Valeo Silencio Flat 650/550, szt"|https://www.iparts.pl/czesc/pioro-wycieraczki-valeo-574309,0-21-574309-67680.html|138,00
23849835|574323|Valeo|"Valeo | 574323 | Zestaw bezramowych piór wycieraczek Valeo Silencio Flat 650/475, szt"|https://www.iparts.pl/czesc/pioro-wycieraczki-valeo-574323,0-21-574323-67687.html|131,00
23850249|574365|Valeo|"Valeo | 574365 | Zestaw bezramowych piór wycieraczek Valeo Silencio Flat 600/450, szt"|https://www.iparts.pl/czesc/pioro-wycieraczki-valeo-574365,0-21-574365-67668.html|112,00
23861318|574645|Valeo|"Valeo | 574645 | Zestaw bezramowych piór wycieraczek Valeo Silencio Flat 600/400, szt"|https://www.iparts.pl/czesc/pioro-wycieraczki-valeo-574645,0-21-574645-428398.html|91,00
23862319|575550|Valeo|"Valeo | 575550 | Ramka wycieraczki valeo first 500 mm (20""), szt"|https://www.iparts.pl/czesc/pioro-wycieraczki-valeo-575550,0-21-575550-971777.html|16,00
23862355|575555|Valeo|"Valeo | 575555 | Ramka wycieraczki valeo first 550 mm (22""), szt"|https://www.iparts.pl/czesc/pioro-wycieraczki-valeo-575555,0-21-575555-971780.html|19,00
23862858|575914|Valeo|"Valeo | 575914 | Pióro wycieraczki, szt"|https://www.iparts.pl/czesc/pioro-wycieraczki-valeo-575914,0-21-575914-643696.html|59,00
23862878|575916|Valeo|"Valeo | 575916 | Pióro wycieraczki, szt"|https://www.iparts.pl/czesc/pioro-wycieraczki-valeo-575916,0-21-575916-643698.html|67,00
23862907|575918|Valeo|"Valeo | 575918 | Pióro wycieraczki, szt"|https://www.iparts.pl/czesc/pioro-wycieraczki-valeo-575918,0-21-575918-643700.html|65,00
23863129|576016|Valeo|"Valeo | 576016 | Zestaw piór wycieraczek 550/510, szt"|https://www.iparts.pl/czesc/pioro-wycieraczki-valeo-576016,0-21-576016-66256.html|59,00
24037624|576099|Valeo|"Valeo | 576099 | Zestaw piór wycieraczek ramowych Valeo Compact 600/475, szt"|https://www.iparts.pl/czesc/pioro-wycieraczki-valeo-576099,0-21-576099-66952.html|75,00
26827052|731296|Valeo|"Valeo | 731296 | Chłodnica wody, szt"|https://www.iparts.pl/czesc/chlodnica-wody-valeo-731296,0-21-731296-33732.html|419,00
28567179|804922|Valeo|"Valeo | 804922 | Cylinder sprzęgła główny, szt"|https://www.iparts.pl/czesc/pompa-sprzegla-valeo-804922,0-21-804922-1590057.html#100061|331,00
28586473|575828|Valeo|"Valeo | 575828 | Hybrydowe pióro wycieraczki valeo first hybrid 480 mm (19""), szt"|https://www.iparts.pl/czesc/pioro-wycieraczki-valeo-575828,0-21-575828-1222035.html|32,00
54589951|578565|Valeo|"Valeo | 578565 | Pióro wycieraczki bezramowe z tyłu valeo hydroconnect z tyłu 400 mm (16""), szt"|https://www.iparts.pl/czesc/pioro-wycieraczki-valeo-578565,0-21-578565-1695262.html|57,00
54589952|578515|Valeo|"Valeo | 578515 | Bezramowe pióro wycieraczki valeo hydroconnect front 700 mm (28""), szt"|https://www.iparts.pl/czesc/pioro-wycieraczki-valeo-578515,0-21-578515-1695252.html|61,00
54589966|578516|Valeo|"Valeo | 578516 | Bezramowe pióro wycieraczki valeo hydroconnect front 700 mm (28""), szt"|https://www.iparts.pl/czesc/pioro-wycieraczki-valeo-578516,0-21-578516-1695253.html|64,00
54589989|578509|Valeo|"Valeo | 578509 | Bezramowe pióro wycieraczki valeo hydroconnect front 550 mm (22""), szt"|https://www.iparts.pl/czesc/pioro-wycieraczki-valeo-578509,0-21-578509-1695246.html|57,00
54589990|578510|Valeo|"Valeo | 578510 | Bezramowe pióro wycieraczki valeo hydroconnect front 580 mm (23""), szt"|https://www.iparts.pl/czesc/pioro-wycieraczki-valeo-578510,0-21-578510-1695247.html|61,00
53113725|872378|Valvoline|"Valvoline | 872378 | Olej silnikowy Valvoline SynPower 5W-30, 4 l, szt"|https://www.iparts.pl/czesc/olej-valvoline-synpower-5w30-4-litry-valvoline-872378,1-valvoline-872378-1227556.html|115,00
23663737|5601270543132|Varta|"Varta | 5601270543132 | Akumulator Varta Blue Dynamic 12V 60AH 540A(EN) L+, szt"|https://www.iparts.pl/czesc/akumulator-varta-5601270543132,0-26-5601270543132-219500.html|301,00
15143847|A2C59511698|VDO|"VDO | A2C59511698 | Przepustnica, szt"|https://www.iparts.pl/czesc/przepustnica-powietrza-vdo-a2c59511698,0-83-a2c59511698-321575.html#100387|849,00
8040429|RC0004|Vernet|"Vernet | RC0004 | Pokrywa zbiorniczka wyrównawczego, szt"|https://www.iparts.pl/czesc/korek-pokrywa-calorstat-by-vernet-rc0004,0-215-rc0004-719756.html|13,00
11615475|WF8127|WIX|"WIX | WF8127 | Filtr paliwa, szt"|https://www.iparts.pl/czesc/filtr-paliwa-wix-filters-wf8127,0-324-wf8127-516156.html|9,00
11621909|WP2107|WIX|"WIX | WP2107 | Filtr kabinowy z węglem aktywowanym, szt"|https://www.iparts.pl/czesc/filtr-kabinowy-wix-filters-wp2107,0-324-wp2107-2775445.html|53,00
28714023|33386|WIX|"WIX | 33386 | Filtr paliwa, szt"|https://www.iparts.pl/czesc/filtr-paliwa-wix-filters-33386,0-324-33386-1877950.html|30,00
57703303|YT-8152|Yato|"Yato | YT-8152 | ELECTRICAL INSULATION TAPE, szt"|item not found|0
